"Site","Date","Belt","Spp","Wt","length","# Whole Arms","Notes"
"PC",2024-06-22,"1","PIS",378.4,13.5,NA,"Belt 'assignments' not real, stars were pooled in bucket without regard for belt; numbers haphazardly assigned to indicate the number in each belt, which was assessed; in other words, we counted the number in each belt but didn't keep track of which belt stars came from for weighing and measuring, so this is our workaround"
"PC",2024-06-22,"3","PIS",508.3,14.2,NA,"One pisaster in belt 1, five in belt 3, all others outside"
"PC",2024-06-22,"3","PIS",538.4,16.7,NA,NA
"PC",2024-06-22,"3","PIS",331.8,13.6,NA,NA
"PC",2024-06-22,"3","PIS",394.7,14.9,NA,NA
"PC",2024-06-22,"3","PIS",38.6,6.1,NA,NA
"PC",2024-06-22,"x","PIS",408.2,14.7,NA,NA
"PC",2024-06-22,"x","PIS",474.1,16.5,NA,NA
"PC",2024-06-22,"x","PIS",308.2,15.8,NA,NA
"PC",2024-06-22,"3","PIS",NA,NA,NA,"Irretrievable; actually in Belt 3 for sure"
"PC",2024-06-22,"x","PIS",NA,NA,NA,"Irretrievable, smaller star; outside of belts for sure"
"PC",2024-06-22,"1","EVA",49.11,7.2,NA,"3 Evasterias in belt 1"
"PC",2024-06-22,"1","EVA",88.9,10.3,NA,NA
"PC",2024-06-22,"1","EVA",27.87,7.6,NA,NA
"PC",2024-06-22,"1","LEP",4.59,2.8,NA,"22 Leps in Belt 1, 1 in Belt 2, 12 in Belt 3, 6 in belt 3 irretrievable"
"PC",2024-06-22,"1","LEP",2.15,2.3,NA,NA
"PC",2024-06-22,"1","LEP",3.45,2.6,NA,NA
"PC",2024-06-22,"1","LEP",9.99,4.4,NA,NA
"PC",2024-06-22,"1","LEP",6.59,3.1,NA,NA
"PC",2024-06-22,"1","LEP",0.55,0.6,NA,NA
"PC",2024-06-22,"1","LEP",1.97,2.1,NA,NA
"PC",2024-06-22,"1","LEP",4.57,2.8,NA,NA
"PC",2024-06-22,"1","LEP",1.9,1.9,NA,NA
"PC",2024-06-22,"1","LEP",3.39,2.8,NA,NA
"PC",2024-06-22,"1","LEP",2.69,2.4,NA,NA
"PC",2024-06-22,"1","LEP",5.99,3.6,NA,NA
"PC",2024-06-22,"1","LEP",1.97,2,NA,NA
"PC",2024-06-22,"1","LEP",4.01,2.8,NA,NA
"PC",2024-06-22,"1","LEP",1.5,1.7,NA,NA
"PC",2024-06-22,"1","LEP",5.99,3.3,NA,NA
"PC",2024-06-22,"1","LEP",3.09,2.4,NA,NA
"PC",2024-06-22,"1","LEP",4.15,3,NA,NA
"PC",2024-06-22,"1","LEP",2.35,2.4,NA,NA
"PC",2024-06-22,"1","LEP",3.78,2.7,NA,NA
"PC",2024-06-22,"1","LEP",3.17,2.6,NA,NA
"PC",2024-06-22,"1","LEP",2.19,2.1,NA,NA
"PC",2024-06-22,"2","LEP",3.37,2.3,NA,NA
"PC",2024-06-22,"3","LEP",1.99,2.5,NA,NA
"PC",2024-06-22,"3","LEP",4.08,3.1,NA,NA
"PC",2024-06-22,"3","LEP",3.62,3.2,NA,NA
"PC",2024-06-22,"3","LEP",4.43,2.6,NA,NA
"PC",2024-06-22,"3","LEP",2.23,2,NA,NA
"PC",2024-06-22,"3","LEP",3.52,2.9,NA,NA
"PC",2024-06-22,"x","LEP",4.45,2.8,NA,NA
"PC",2024-06-22,"x","LEP",5.62,3,NA,NA
"PC",2024-06-22,"x","LEP",3.74,2.8,NA,NA
"PC",2024-06-22,"x","LEP",7.01,3.6,NA,NA
"PC",2024-06-22,"x","LEP",1.35,1.7,NA,NA
"PC",2024-06-22,"x","LEP",2.32,2.1,NA,NA
"PC",2024-06-22,"x","LEP",2.55,2.3,NA,NA
"PC",2024-06-22,"x","LEP",13.63,5.3,NA,NA
"PC",2024-06-22,"x","LEP",4.81,3.2,NA,NA
"PC",2024-06-22,"x","LEP",1.77,1.9,NA,NA
"PC",2024-06-22,"x","LEP",3.6,2.9,NA,NA
"PC",2024-06-22,"x","LEP",2.31,2.1,NA,NA
"PC",2024-06-22,"x","LEP",1.72,1.8,NA,NA
"PC",2024-06-22,"x","LEP",6.33,3.6,NA,NA
"PC",2024-06-22,"x","LEP",2.15,2,NA,NA
"PC",2024-06-22,"x","LEP",3.21,3,NA,NA
"PC",2024-06-22,"x","LEP",1.13,1.6,NA,NA
"PC",2024-06-22,"x","LEP",0.1,0.7,NA,NA
"PC",2024-06-22,"3","LEP",NA,NA,NA,NA
"PC",2024-06-22,"3","LEP",NA,NA,NA,NA
"PC",2024-06-22,"3","LEP",NA,NA,NA,NA
"PC",2024-06-22,"3","LEP",NA,NA,NA,NA
"PC",2024-06-22,"3","LEP",NA,NA,NA,NA
"PC",2024-06-22,"3","LEP",NA,NA,NA,NA
"DB",2024-07-22,"4","LEP",4.59,2.4,NA,NA
"DB",2024-07-22,"4","LEP",0.99,1.7,NA,NA
"DB",2024-07-22,"4","LEP",0.79,1.8,NA,NA
"DB",2024-07-22,"4","LEP",2.09,2.7,NA,NA
"DB",2024-07-22,"4","LEP",3.8,2.6,NA,NA
"DB",2024-07-22,"4","LEP",1.24,1.7,NA,NA
"DB",2024-07-22,"4","LEP",0.45,1.2,NA,NA
"DB",2024-07-22,"4","LEP",5.07,3,NA,NA
"DB",2024-07-22,"4","LEP",2.53,2.3,NA,NA
"DB",2024-07-22,"4","LEP",5,3.4,NA,NA
"DB",2024-07-22,"4","LEP",4.22,2.7,NA,NA
"DB",2024-07-22,"4","LEP",2.49,2.4,NA,NA
"DB",2024-07-22,"4","LEP",0.61,1.4,NA,NA
"DB",2024-07-22,"4","LEP",4.37,3.1,5,NA
"DB",2024-07-22,"4","LEP",5.39,2.9,NA,NA
"DB",2024-07-22,"4","LEP",1.19,1.7,NA,NA
"DB",2024-07-22,"4","LEP",2.41,2.2,NA,NA
"DB",2024-07-22,"4","LEP",0.56,1.2,NA,NA
"DB",2024-07-22,"4","LEP",7.42,3,NA,NA
"DB",2024-07-22,"4","LEP",0.18,0.8,NA,NA
"DB",2024-07-22,"4","LEP",6.8,3.2,NA,NA
"DB",2024-07-22,"4","LEP",4.73,2.8,NA,NA
"DB",2024-07-22,"4","LEP",1.94,1.9,NA,NA
"DB",2024-07-22,"4","LEP",0.57,1.3,NA,NA
"DB",2024-07-22,"4","LEP",NA,NA,NA,NA
"DB",2024-07-22,"4","LEP",NA,NA,NA,NA
"DB",2024-07-22,"4","LEP",2.73,2.3,NA,NA
"DB",2024-07-22,"4","LEP",0.51,1.3,NA,NA
"DB",2024-07-22,"4","LEP",8.47,3.5,NA,NA
"DB",2024-07-22,"4","LEP",0.48,1,NA,NA
"DB",2024-07-22,"4","LEP",1.4,1.7,5,NA
"DB",2024-07-22,"4","LEP",1.5,1.8,NA,NA
"DB",2024-07-22,"4","LEP",1.03,1.7,NA,NA
"DB",2024-07-22,"4","LEP",0.42,1.3,NA,NA
"DB",2024-07-22,"4","LEP",1.86,2.1,NA,NA
"DB",2024-07-22,"4","LEP",0.89,1.6,5,NA
"DB",2024-07-22,"4","LEP",0.4,1.1,NA,NA
"DB",2024-07-22,"4","LEP",1.37,1.8,5,NA
"DB",2024-07-22,"4","LEP",1.24,1.9,NA,NA
"DB",2024-07-22,"4","LEP",1.56,1.6,NA,NA
"DB",2024-07-22,"4","LEP",1.45,1.8,NA,NA
"DB",2024-07-22,"4","LEP",0.2,0.8,NA,NA
"DB",2024-07-22,"4","LEP",0.11,0.9,2,NA
"DB",2024-07-22,"4","LEP",0.2,0.9,NA,NA
"LCRA",2024-07-23,"4","LEP",NA,NA,NA,NA
"LCRA",2024-07-23,"4","LEP",NA,NA,NA,NA
"LCRA",2024-07-23,"4","LEP",1.78,2.3,NA,NA
"LCRA",2024-07-23,"4","LEP",0.95,1.5,NA,NA
"LCRA",2024-07-23,"4","LEP",1.74,2,NA,NA
"LCRA",2024-07-23,"4","LEP",1.55,1.8,NA,NA
"LCRA",2024-07-23,"4","LEP",3.65,2.9,NA,NA
"LCRA",2024-07-23,"4","LEP",1.89,2.1,NA,NA
"LCRA",2024-07-23,"4","EVA",8.37,5.4,2,NA
"LCRA",2024-07-23,"4","LEP",1.15,1.7,NA,NA
"LCRA",2024-07-23,"4","LEP",1.77,2,NA,NA
"LCRA",2024-07-23,"4","LEP",0.6,1.8,NA,NA
"LCRA",2024-07-23,"4","LEP",3.51,3,NA,NA
"LCRA",2024-07-23,"4","LEP",5.3,3.3,NA,NA
"LCRA",2024-07-23,"4","LEP",NA,NA,NA,NA
"LCRA",2024-07-23,"4","LEP",NA,NA,NA,NA
"LCRA",2024-07-23,"4","DERM",NA,NA,NA,NA
"LCRA",2024-07-23,"4","EVA",NA,NA,NA,NA
"PPNP",2024-07-24,"4","LEP",4.99,3.1,5,NA
"PPNP",2024-07-24,"4","LEP",4.62,3,NA,NA
"PPNP",2024-07-24,"4","LEP",2.42,2.7,NA,NA
"PPNP",2024-07-24,"4","LEP",4.55,3,NA,NA
"PPNP",2024-07-24,"4","LEP",0.61,1.4,NA,NA
"PPNP",2024-07-24,"4","LEP",4.12,3.1,NA,NA
"PPNP",2024-07-24,"4","LEP",1.19,2,NA,NA
"PPNP",2024-07-24,"4","LEP",4.99,2.7,NA,NA
"PPNP",2024-07-24,"4","LEP",5.4,3.3,NA,NA
"PPNP",2024-07-24,"4","LEP",0.3,0.9,NA,NA
"PPNP",2024-07-24,"4","LEP",1.74,2.1,NA,NA
"PPNP",2024-07-24,"4","LEP",4.93,3.2,NA,NA
"PPNP",2024-07-24,"4","LEP",2.15,2.2,NA,NA
"PPNP",2024-07-24,"4","LEP",3.64,2.8,NA,NA
"PPNP",2024-07-24,"4","LEP",2.96,2.6,NA,NA
"PPNP",2024-07-24,"4","LEP",0.21,1,5,NA
"PPNP",2024-07-24,"4","LEP",2.58,2.7,NA,NA
"PPNP",2024-07-24,"4","LEP",1.7,2.2,NA,NA
"PPNP",2024-07-24,"4","LEP",6.53,3.5,NA,NA
"PPNP",2024-07-24,"4","LEP",10.24,3.6,5,NA
"PPNP",2024-07-24,"4","LEP",1.99,2.2,NA,NA
"PPNP",2024-07-24,"4","LEP",8.01,4.2,NA,NA
"PPNP",2024-07-24,"4","LEP",2.31,2.3,NA,NA
"PPNP",2024-07-24,"4","LEP",1.58,2,NA,NA
"PPNP",2024-07-24,"4","LEP",3.31,2.3,NA,NA
"PPNP",2024-07-24,"4","LEP",5.86,3.1,NA,NA
"PPNP",2024-07-24,"4","LEP",2.34,2.8,NA,NA
"PPNP",2024-07-24,"4","LEP",2.37,2.5,7,NA
"PPNP",2024-07-24,"4","LEP",3.75,2.8,NA,NA
"PPNP",2024-07-24,"4","LEP",2.2,2.2,NA,NA
"PPNP",2024-07-24,"4","LEP",1.39,1.7,NA,NA
"PPNP",2024-07-24,"4","LEP",2.51,2.5,NA,NA
"PPNP",2024-07-24,"4","LEP",0.32,1.1,NA,NA
"PPNP",2024-07-24,"4","LEP",5.28,3,NA,NA
"PPNP",2024-07-24,"4","LEP",2.94,3.1,NA,NA
"PPNP",2024-07-24,"4","LEP",0.21,0.8,NA,NA
"PPNP",2024-07-24,"4","HEN",0.33,1.1,NA,NA
"PPNP",2024-07-24,"4","HEN",0.98,1.6,NA,NA
"PPNP",2024-07-24,"4","LEP",3.35,2.4,NA,NA
"PPNP",2024-07-24,"4","LEP",0.98,1.6,NA,NA
"PPNP",2024-07-24,"4","LEP",4.7,2.8,NA,NA
"PPNP",2024-07-24,"4","LEP",5.27,2.8,NA,NA
"PPNP",2024-07-24,"4","LEP",4.59,2.7,NA,NA
"PPNP",2024-07-24,"4","LEP",1.31,2,5,NA
"PPNP",2024-07-24,"4","LEP",2.19,2.2,NA,NA
"PPNP",2024-07-24,"4","LEP",1.13,2.1,3,NA
"PPNP",2024-07-24,"4","LEP",1.56,1.9,NA,NA
"PPNP",2024-07-24,"4","LEP",1.22,1.8,NA,NA
"PPNP",2024-07-24,"4","LEP",1.66,1.9,NA,NA
"PPNP",2024-07-24,"4","LEP",1.51,2,NA,NA
"PPNP",2024-07-24,"4","LEP",2.12,2.2,NA,NA
"PPNP",2024-07-24,"5","LEP",2.08,2.3,NA,NA
"PPNP",2024-07-24,"5","LEP",0.33,1,NA,NA
"PPNP",2024-07-24,"5","LEP",4.39,2.6,NA,NA
"PPNP",2024-07-24,"5","LEP",3.4,2.5,NA,NA
"PPNP",2024-07-24,"5","LEP",1.32,1.7,NA,NA
"PPNP",2024-07-24,"5","LEP",1.28,1.8,NA,NA
"PPNP",2024-07-24,"5","LEP",1.27,2.1,NA,NA
"PPNP",2024-07-24,"5","LEP",2.12,2.2,NA,NA
"PPNP",2024-07-24,"5","LEP",2.88,2.5,NA,NA
"PPNP",2024-07-24,"5","LEP",4.61,3.1,NA,NA
"PPNP",2024-07-24,"5","LEP",0.94,1.5,NA,NA
"PPNP",2024-07-24,"5","LEP",2.38,2.4,5,NA
"PPNP",2024-07-24,"5","LEP",1.38,1.7,NA,NA
"PPNP",2024-07-24,"5","LEP",5.85,3.2,NA,NA
"PPNP",2024-07-24,"5","LEP",3.16,2.3,5,NA
"PPNP",2024-07-24,"5","LEP",0.98,1.6,NA,NA
"PPNP",2024-07-24,"5","LEP",1.37,1.9,NA,NA
"PPNP",2024-07-24,"5","LEP",1.41,2,NA,NA
"PPNP",2024-07-24,"5","LEP",1.38,1.7,NA,NA
"PPNP",2024-07-24,"5","LEP",3.36,2.3,NA,NA
"PPNP",2024-07-24,"5","LEP",2.4,2,NA,NA
"PPNP",2024-07-24,"5","LEP",0.98,1.5,NA,NA
"PPNP",2024-07-24,"5","LEP",0.58,1.3,NA,NA
"PPNP",2024-07-24,"5","LEP",1.65,2,NA,NA
"PPNP",2024-07-24,"5","LEP",0.99,1.5,NA,NA
"PPNP",2024-07-24,"5","LEP",4.52,3.1,NA,NA
"PPNP",2024-07-24,"5","LEP",3.13,2.4,NA,NA
"PPNP",2024-07-24,"5","LEP",0.38,1.1,NA,NA
"PPNP",2024-07-24,"5","LEP",1.69,1.9,NA,NA
"PPNP",2024-07-24,"5","LEP",2.94,2.6,NA,NA
"PPNP",2024-07-24,"5","LEP",2.13,2.2,NA,NA
"PPNP",2024-07-24,"5","LEP",1.16,1.8,NA,NA
"PPNP",2024-07-24,"5","LEP",3.56,2.6,NA,NA
"PPNP",2024-07-24,"5","LEP",4.01,3.75,NA,"weight circled, ""?? Drop Row?"""
"PPNP",2024-07-24,"5","LEP",3.3,2.3,NA,NA
"PPNP",2024-07-24,"5","LEP",NA,NA,NA,NA
"PPNP",2024-07-24,"5","LEP",NA,NA,NA,NA
"PPNP",2024-07-24,"5","LEP",NA,NA,NA,NA
"PPNP",2024-07-24,"5","LEP",NA,NA,NA,NA
"PPNP",2024-07-24,"5","LEP",NA,NA,NA,NA
"PPNP",2024-07-24,"5","LEP",3.15,2.3,NA,NA
"PPNP",2024-07-24,"5","LEP",2.27,2.5,NA,NA
"PPNP",2024-07-24,"5","LEP",2.93,2.4,NA,NA
"PPNP",2024-07-24,"5","LEP",2.26,2.1,NA,NA
"PPNP",2024-07-24,"5","LEP",3.24,2.6,NA,NA
"PPNP",2024-07-24,"5","LEP",1.41,1.8,NA,NA
"PPNP",2024-07-24,"5","LEP",0.27,0.9,NA,NA
"PPNP",2024-07-24,"5","LEP",0.55,1.9,NA,NA
"PPNP",2024-07-24,"5","LEP",0.71,1.9,NA,NA
"PPNP",2024-07-24,"5","LEP",3.47,2.5,NA,NA
"PPNP",2024-07-24,"5","LEP",0.83,1.6,NA,NA
"PPNP",2024-07-24,"5","LEP",1.03,1.8,NA,NA
"PPNP",2024-07-24,"5","LEP",3.54,2.5,NA,NA
"PPNP",2024-07-24,"5","LEP",6.61,3.1,NA,NA
"PPNP",2024-07-24,"5","LEP",2.93,2.2,NA,NA
"PPNP",2024-07-24,"5","LEP",3.14,2.6,NA,NA
"PPNP",2024-07-24,"5","LEP",1.42,2,NA,NA
"PPNP",2024-07-24,"5","LEP",2.36,2.2,NA,NA
"PPNP",2024-07-24,"5","LEP",2.3,2.2,NA,NA
"PPNP",2024-07-24,"5","HEN",0.13,0.8,NA,NA
"PPNP",2024-07-24,"5","LEP",0.38,1.1,NA,NA
"PPNP",2024-07-24,"5","LEP",0.22,0.8,NA,NA
"PPNP",2024-07-24,"5","LEP",0.57,1.6,5,NA
"PPNP",2024-07-24,"5","LEP",2.24,2.3,4,NA
"PPNP",2024-07-24,"5","LEP",2.43,2.2,NA,NA
"PPNP",2024-07-24,"5","LEP",1.24,1.7,NA,NA
"PPNP",2024-07-24,"5","LEP",5.39,3.2,NA,NA
"PPNP",2024-07-24,"5","LEP",2.3,2,NA,NA
"PPNP",2024-07-24,"5","LEP",1.48,1.8,NA,NA
"PPNP",2024-07-24,"5","LEP",3.32,2.4,NA,NA
"PPNP",2024-07-24,"5","LEP",1.85,1.9,NA,NA
"PPNP",2024-07-24,"5","LEP",2.41,2.1,NA,NA
"PPNP",2024-07-24,"5","LEP",3.12,2.1,NA,NA
"PPNP",2024-07-24,"5","LEP",1.29,1.2,NA,NA
"PPNP",2024-07-24,"5","LEP",2.8,2.4,NA,NA
"PPNP",2024-07-24,"5","LEP",2.19,2.1,NA,NA
"PPNP",2024-07-24,"5","LEP",8.01,3.5,NA,NA
"PPNP",2024-07-24,"5","LEP",3.83,2.7,NA,NA
"PPNP",2024-07-24,"5","LEP",1.12,1.5,NA,NA
"PPNP",2024-07-24,"5","LEP",2.08,2.1,NA,NA
"PPNP",2024-07-24,"5","LEP",1.56,2,NA,NA
"PPNP",2024-07-24,"5","LEP",1.42,1.8,NA,NA
"PPNP",2024-07-24,"5","LEP",0.97,1.4,NA,NA
"PPNP",2024-07-24,"5","LEP",0.45,1.4,NA,NA
"PPNP",2024-07-24,"5","LEP",4.16,2.6,NA,NA
"PPNP",2024-07-24,"5","LEP",0.24,1.2,3,NA
"PPNP",2024-07-24,"5","LEP",0.19,1,NA,NA
"PPNP",2024-07-24,"5","LEP",0.12,1.7,NA,NA
"PPNP",2024-07-24,"5","HEN",0.15,0.7,NA,NA
"PPNP",2024-07-24,"5","HEN",0.68,1.2,NA,NA
"PPNP",2024-07-24,"5","LEP",1.74,2,5,"SSWD?"
"PPNP",2024-07-24,"5","LEP",1.5,1.8,5,"SSWD?"
"PPNP",2024-07-24,"5","LEP",0.41,1.2,NA,NA
"PC",2024-07-30,"5","PIS",563.4,16,NA,NA
"PC",2024-07-30,"5","PIS",NA,5.1,NA,"NOT SURE WHETHER TO TRUST THESE PIS MEASUREMENTS--it's hard to measure accurately with a tape without unsticking them, since they lodge in crev ices etc"
"PC",2024-07-30,"5","PIS",NA,12,NA,NA
"PC",2024-07-30,"5","LEP",NA,NA,NA,NA
"PC",2024-07-30,"5","LEP",NA,NA,NA,NA
"PC",2024-07-30,"5","LEP",NA,NA,NA,NA
"PC",2024-07-30,"5","LEP",NA,NA,NA,NA
"PC",2024-07-30,"5","LEP",NA,NA,NA,NA
"PC",2024-07-30,"5","LEP",NA,NA,NA,NA
"PC",2024-07-30,"5","LEP",NA,NA,NA,NA
"PC",2024-07-30,"5","LEP",NA,NA,NA,NA
"PC",2024-07-30,"5","LEP",NA,NA,NA,NA
"PC",2024-07-30,"5","LEP",NA,NA,NA,NA
"PC",2024-07-30,"5","LEP",2.44,1.9,NA,NA
"PC",2024-07-30,"5","LEP",3.08,2.5,NA,NA
"PC",2024-07-30,"5","LEP",3.04,2.5,NA,NA
"PC",2024-07-30,"5","LEP",4.42,3.1,NA,NA
"PC",2024-07-30,"5","LEP",8.09,3.7,NA,NA
"PC",2024-07-30,"5","LEP",1.19,1.6,NA,NA
"PC",2024-07-30,"5","LEP",3.11,2.4,NA,NA
"PC",2024-07-30,"5","LEP",1.92,1.9,NA,NA
"PC",2024-07-30,"5","LEP",3.31,2.9,NA,NA
"PC",2024-07-30,"5","LEP",3.14,2.5,NA,NA
"PC",2024-07-30,"5","LEP",7.19,2.7,NA,NA
"PC",2024-07-30,"5","LEP",7.78,3.2,NA,NA
"PC",2024-07-30,"5","LEP",5.44,2.9,NA,NA
"PC",2024-07-30,"5","LEP",2.33,2.3,NA,NA
"PC",2024-07-30,"5","LEP",1.23,1.7,NA,NA
"PC",2024-07-30,"5","LEP",11.79,3.9,NA,NA
"PC",2024-07-30,"5","LEP",0.54,1.2,NA,NA
"PC",2024-07-30,"5","LEP",0.3,1.1,NA,NA
"PC",2024-07-30,"5","LEP",0.21,0.9,NA,NA
"PC",2024-07-30,"5","LEP",6.2,2.7,NA,NA
"PC",2024-07-30,"5","LEP",1.5,1.6,NA,NA
"PC",2024-07-30,"5","LEP",2.45,2,NA,NA
"PC",2024-07-30,"5","LEP",3.21,2.6,NA,NA
"PC",2024-07-30,"5","LEP",4.55,2.5,7,NA
"PC",2024-07-30,"5","LEP",8.63,3.3,NA,NA
"PC",2024-07-30,"5","LEP",0.8,1.5,NA,NA
"DB",2024-07-21,"5","HEN",2.07,2.2,NA,NA
"DB",2024-07-21,"5","LEP",1.64,1.9,NA,NA
"DB",2024-07-21,"5","LEP",0.98,1.8,NA,NA
"DB",2024-07-21,"5","LEP",0.47,1.3,NA,NA
"DB",2024-07-21,"5","LEP",8.93,4.7,NA,NA
"DB",2024-07-21,"5","LEP",6.52,3.6,NA,NA
"DB",2024-07-21,"5","LEP",0.47,1.2,NA,NA
"DB",2024-07-21,"5","LEP",1.47,1.8,NA,NA
"DB",2024-07-21,"5","LEP",0.21,0.8,NA,NA
"DB",2024-07-21,"5","LEP",3.06,2.9,NA,NA
"DB",2024-07-21,"5","LEP",0.69,1.8,NA,NA
"DB",2024-07-21,"5","LEP",5.49,3,NA,NA
"DB",2024-07-21,"5","LEP",4.85,3.1,NA,NA
"DB",2024-07-21,"5","LEP",0.45,1.1,NA,NA
"DB",2024-07-21,"5","LEP",0.78,1.2,NA,NA
"DB",2024-07-21,"5","LEP",0.34,1.1,NA,NA
"DB",2024-07-21,"5","LEP",1.54,1.9,NA,NA
"DB",2024-07-21,"5","LEP",2.21,2.4,NA,NA
"DB",2024-07-21,"5","LEP",1.08,1.7,NA,NA
"DB",2024-07-21,"5","LEP",0.41,1,NA,NA
"DB",2024-07-21,"5","LEP",0.77,1.5,NA,NA
"DB",2024-07-21,"5","LEP",2.19,2.5,NA,NA
"DB",2024-07-21,"5","LEP",1.31,2,NA,NA
"DB",2024-07-21,"5","LEP",3.09,2.7,NA,NA
"DB",2024-07-21,"5","LEP",1.28,1.9,NA,NA
"DB",2024-07-21,"5","LEP",0.49,1.2,NA,NA
"DB",2024-07-21,"5","LEP",0.6,1.5,NA,NA
"DB",2024-07-21,"5","LEP",0.67,1.5,NA,NA
"DB",2024-07-21,"5","LEP",3.86,2.3,NA,NA
"DB",2024-07-21,"5","LEP",1.76,1.9,NA,NA
"DB",2024-07-21,"5","LEP",1.83,1.9,NA,NA
"DB",2024-07-21,"5","LEP",0.32,1.2,NA,NA
"DB",2024-07-21,"5","LEP",0.55,1.2,NA,NA
"DB",2024-07-21,"5","LEP",0.66,1.3,NA,"Eating a chiton"
"DB",2024-07-21,"5","LEP",0.31,1.2,NA,NA
"DB",2024-07-21,"5","LEP",0.69,1.3,NA,NA
"DB",2024-07-21,"5","LEP",1.57,1.9,NA,NA
"DB",2024-07-21,"5","LEP",0.44,1.2,NA,NA
"DB",2024-07-21,"5","LEP",7.53,3.3,NA,NA
"DB",2024-07-21,"5","LEP",3.26,2.4,5,NA
"DB",2024-07-21,"5","LEP",4.33,3,5,NA
"DB",2024-07-21,"5","LEP",4.58,3.7,NA,NA
"DB",2024-07-21,"5","LEP",0.29,1.1,5,NA
"DB",2024-07-21,"5","LEP",0.54,1.3,NA,NA
"DB",2024-07-21,"5","LEP",1.06,1.7,NA,NA
"DB",2024-07-21,"5","LEP",1.33,1.6,NA,NA
"DB",2024-07-21,"5","LEP",2,2,NA,NA
"DB",2024-07-21,"5","LEP",0.55,1.4,NA,NA
"DB",2024-07-21,"5","LEP",7.09,4.3,NA,NA
"DB",2024-07-21,"5","LEP",0.4,1.5,NA,NA
"DB",2024-07-21,"5","LEP",3.89,2.4,NA,NA
"DB",2024-07-21,"5","LEP",1.1,1.7,NA,NA
"CP",2024-08-02,"5","LEP",0.71,1.5,NA,NA
"CP",2024-08-02,"5","LEP",1.61,2.1,NA,NA
"CP",2024-08-02,"5","LEP",2.01,1.9,NA,NA
"CP",2024-08-02,"5","LEP",3.26,2.1,NA,NA
"CP",2024-08-02,"5","LEP",2.56,2.3,NA,NA
"CP",2024-08-02,"5","LEP",1.02,1.7,NA,NA
"CP",2024-08-02,"5","LEP",3.36,2.5,5,NA
"CP",2024-08-02,"5","LEP",0.41,1.1,NA,NA
"CP",2024-08-02,"5","LEP",1.5,1.9,NA,NA
"CP",2024-08-02,"5","LEP",5.12,3.1,NA,NA
"CP",2024-08-02,"5","LEP",1.89,2,NA,NA
"CP",2024-08-02,"5","LEP",5.24,3,NA,NA
"CP",2024-08-02,"5","LEP",0.45,1.1,NA,NA
"CP",2024-08-02,"5","LEP",6.58,3.1,5,NA
"CP",2024-08-02,"5","LEP",1.2,1.8,NA,NA
"CP",2024-08-02,"5","LEP",1.31,1.7,NA,NA
"CP",2024-08-02,"5","LEP",2.82,2.5,NA,NA
"CP",2024-08-02,"5","LEP",5.59,3,NA,NA
"CP",2024-08-02,"5","LEP",0.47,1.2,NA,NA
"CP",2024-08-02,"5","LEP",2.91,2.3,NA,NA
"CP",2024-08-02,"5","LEP",0.91,1.5,NA,NA
"CP",2024-08-02,"5","LEP",0.63,1.2,NA,NA
"CP",2024-08-02,"5","LEP",1.09,1.4,NA,NA
"CP",2024-08-02,"5","LEP",1.57,1.9,NA,NA
"CP",2024-08-02,"5","LEP",1.53,1.7,NA,NA
"CP",2024-08-02,"5","LEP",1.08,2,NA,NA
"CP",2024-08-02,"5","LEP",0.86,1.6,5,NA
"CP",2024-08-02,"5","LEP",2.03,2.2,NA,NA
"CP",2024-08-02,"5","LEP",0.95,1.6,NA,NA
"CP",2024-08-02,"5","LEP",0.56,1.3,4,NA
"CP",2024-08-02,"5","LEP",1.36,1.9,NA,NA
"CP",2024-08-02,"5","LEP",0.19,0.4,5,NA
"CP",2024-08-02,"5","LEP",NA,NA,NA,"Under Katharina"
"CP",2024-08-02,"5","LEP",NA,NA,NA,"Under Katharina"
"CP",2024-08-02,"5","LEP",NA,NA,NA,"Under Katharina"
"CP",2024-08-02,"5","LEP",NA,NA,NA,"Under Katharina"
"LCRA",2024-08-02,"5","LEP",1.39,1.1,NA,NA
"LCRA",2024-08-02,"5","EVA",80.2,10.7,NA,NA
"LCRA",2024-08-02,"5","LEP",1.42,1.7,NA,NA
"LCRA",2024-08-02,"5","LEP",1.3,1.7,NA,NA
"LCRA",2024-08-02,"5","LEP",1.48,1.9,5,NA
"LCRA",2024-08-02,"5","LEP",7.17,3.3,NA,NA
"LCRA",2024-08-02,"5","LEP",1.21,1.6,NA,NA
"LCRA",2024-08-02,"5","LEP",3.11,2.7,5,NA
"LCRA",2024-08-02,"5","LEP",2.24,2.1,NA,NA
"LCRA",2024-08-02,"5","LEP",1.39,1.9,NA,NA
"LCRA",2024-08-02,"5","LEP",2.62,2.4,NA,NA
"LCRA",2024-08-02,"5","LEP",1.51,1.9,NA,NA
"LCRA",2024-08-02,"5","LEP",1.9,1.9,NA,NA
"LCRA",2024-08-02,"5","LEP",2.62,2.4,NA,NA
"LCRA",2024-08-02,"5","LEP",1.51,1.9,NA,NA
"LCRA",2024-08-02,"5","LEP",1.9,1.9,NA,NA
"LCRA",2024-08-02,"5","LEP",1.13,1.8,NA,NA
"LCRA",2024-08-02,"5","LEP",1.9,2.1,NA,NA
"LCRA",2024-08-02,"5","LEP",2.59,2.4,NA,NA
"LCRA",2024-08-02,"5","LEP",0.67,1.3,NA,NA
"LCRA",2024-08-02,"5","LEP",1.31,1.5,NA,NA
"LCRA",2024-08-02,"5","LEP",1.54,1.9,NA,NA
"LCRA",2024-08-02,"5","DERM",71.2,7.7,NA,NA
"LCRA",2024-08-02,"5","EVA",46.18,8.2,4,NA
"LCRA",2024-08-02,"5","LEP",NA,NA,NA,NA
"LCRA",2024-08-02,"5","LEP",NA,NA,NA,NA
"LCRA",2024-08-02,"5","EVA",NA,NA,NA,NA
"LCRA",2024-08-02,"5","DERM",NA,NA,NA,NA
"RT",2024-08-03,"1","LEP",NA,NA,NA,NA
"RT",2024-08-03,"1","LEP",NA,NA,NA,NA
"RT",2024-08-03,"1","LEP",NA,NA,NA,NA
"RT",2024-08-03,"1","LEP",NA,NA,NA,NA
"RT",2024-08-03,"1","EVA",53.6,8.9,NA,NA
"RT",2024-08-03,"1","EVA",39.66,8.2,4,NA
"RT",2024-08-03,"1","EVA",15.33,4.6,NA,NA
"RT",2024-08-03,"1","EVA",18.48,5.3,NA,NA
"RT",2024-08-03,"1","EVA",13.6,4.9,NA,NA
"RT",2024-08-03,"1","LEP",0.95,1.6,NA,NA
"RT",2024-08-03,"1","LEP",1.36,1.7,NA,NA
"RT",2024-08-03,"1","LEP",1.22,1.8,NA,NA
"RT",2024-08-03,"1","LEP",0.43,1,NA,NA
"RT",2024-08-03,"1","LEP",0.82,1.3,NA,NA
"RT",2024-08-03,"1","LEP",1.27,1.9,NA,NA
"RT",2024-08-03,"1","LEP",1.35,2,NA,NA
"RT",2024-08-03,"1","EVA",NA,NA,NA,NA
"RT",2024-08-03,"1","EVA",NA,NA,NA,NA
"RT",2024-08-03,"1","LEP",0.88,1.8,3,NA
"RT",2024-08-03,"1","EVA",NA,NA,NA,NA
"RT",2024-08-03,"1","DERM",8.06,3.4,NA,NA
"RT",2024-08-03,"1","PIS",NA,14.7,NA,NA
"RT",2024-08-03,"1","PIS",NA,10.1,NA,NA
"RT",2024-08-03,"1","DERM",57.6,7.4,NA,NA
"RT",2024-08-03,"1","EVA",34.4,7.9,NA,NA
"RT",2024-08-03,"1","EVA",55.01,8,NA,NA
"RT",2024-08-03,"1","PIS",313.1,12.1,NA,NA
"RT",2024-08-03,"1","PIS",289.7,11.7,NA,NA
"RT",2024-08-03,"x","PIS",443.4,14.4,NA,NA
"RT",2024-08-03,"x","PIS",414.9,16.8,NA,NA
"RT",2024-08-03,"x","PIS",NA,14,NA,NA
"RT",2024-08-03,"x","PIS",123.9,8.3,NA,NA
"RT",2024-08-03,"x","PIS",71.8,7.2,NA,NA
"RT",2024-08-03,"x","PIS",106.4,8.4,NA,NA
"RT",2024-08-03,"x","EVA",5.43,3.5,NA,NA
"RT",2024-08-03,"1","HEN",10.97,5.6,NA,"SSWD?"
"RT",2024-08-03,"2","LEP",6.87,3.6,NA,NA
"RT",2024-08-03,"2","LEP",0.88,1.5,NA,NA
"RT",2024-08-03,"2","LEP",3.17,2.9,NA,NA
"RT",2024-08-03,"2","LEP",2.2,2.5,NA,NA
"RT",2024-08-03,"2","LEP",0.44,1.3,3,NA
"RT",2024-08-03,"2","LEP",1,1.4,NA,"SSWD?"
"RT",2024-08-03,"2","LEP",1.33,1.8,NA,NA
"RT",2024-08-03,"2","LEP",2.58,2.3,NA,NA
"RT",2024-08-03,"2","LEP",1.6,1.9,NA,NA
"RT",2024-08-03,"2","LEP",1.37,1.7,NA,NA
"RT",2024-08-03,"2","LEP",0.69,1.6,NA,NA
"RT",2024-08-03,"2","LEP",1.72,2,NA,NA
"RT",2024-08-03,"2","LEP",1.83,1.8,NA,NA
"RT",2024-08-03,"2","LEP",1.93,2,NA,NA
"RT",2024-08-03,"2","LEP",9.28,4.2,NA,NA
"RT",2024-08-03,"2","LEP",4.08,2.9,NA,NA
"RT",2024-08-03,"2","LEP",2.07,2.2,NA,NA
"RT",2024-08-03,"2","LEP",1.44,1.6,NA,NA
"RT",2024-08-03,"2","EVA",12.25,5.1,NA,NA
"RT",2024-08-03,"2","LEP",0.66,1.6,4,NA
"RT",2024-08-03,"2","EVA",19.58,6,NA,NA
"RT",2024-08-03,"2","EVA",44.26,9.2,NA,NA
"RT",2024-08-03,"2","LEP",1.23,1.4,5,NA
"RT",2024-08-03,"3","LEP",1.32,1.7,NA,NA
"RT",2024-08-03,"3","LEP",2.79,2.8,NA,NA
"RT",2024-08-03,"3","LEP",3.19,2.4,NA,NA
"RT",2024-08-03,"3","LEP",5.16,3.1,5,NA
"RT",2024-08-03,"3","LEP",1.67,1.8,NA,NA
"RT",2024-08-03,"3","LEP",6.65,3.4,NA,NA
"RT",2024-08-03,"3","LEP",1.27,1.7,NA,NA
"RT",2024-08-03,"3","HEN",10.22,6.1,NA,NA
"RT",2024-08-03,"3","DERM",42.6,6.3,NA,NA
"RT",2024-08-03,"x","PIS",NA,8,NA,NA
"RT",2024-08-03,"x","PIS",NA,7,NA,NA
"RT",2024-08-03,"x","PIS",305.1,11.6,NA,NA
"RT",2024-08-04,"4","LEP",0.48,1.3,5,NA
"RT",2024-08-04,"4","LEP",0.51,1.3,5,NA
"RT",2024-08-04,"4","LEP",1.09,1.7,NA,NA
"RT",2024-08-04,"4","LEP",3.01,2.4,NA,NA
"RT",2024-08-04,"4","LEP",1.08,1.6,NA,NA
"RT",2024-08-04,"4","LEP",1.49,1.6,NA,NA
"RT",2024-08-04,"4","LEP",0.89,1.4,NA,NA
"RT",2024-08-04,"4","LEP",0.98,1.6,NA,NA
"RT",2024-08-04,"4","LEP",1.21,1.8,NA,NA
"RT",2024-08-04,"4","LEP",3.06,2.5,NA,NA
"RT",2024-08-04,"4","LEP",1.35,1.7,5,NA
"RT",2024-08-04,"4","LEP",1.2,1.7,NA,NA
"RT",2024-08-04,"4","LEP",1.18,1.6,NA,NA
"RT",2024-08-04,"4","LEP",2.63,2.4,NA,NA
"RT",2024-08-04,"4","LEP",1.96,2,NA,NA
"RT",2024-08-04,"4","LEP",0.73,1.5,NA,NA
"RT",2024-08-04,"4","LEP",0.82,1.7,5,NA
"RT",2024-08-04,"4","LEP",0.69,1.7,NA,NA
"RT",2024-08-04,"4","LEP",0.71,1.5,NA,NA
"RT",2024-08-04,"4","LEP",1.58,2,NA,NA
"RT",2024-08-04,"4","LEP",0.93,1.7,NA,NA
"RT",2024-08-04,"4","LEP",1.26,1.8,NA,NA
"RT",2024-08-04,"4","LEP",1.34,1.7,NA,NA
"RT",2024-08-04,"4","?",1.42,1.7,NA,NA
"RT",2024-08-04,"4","LEP",3.73,3,NA,NA
"RT",2024-08-04,"4","LEP",1.11,1.9,5,NA
"RT",2024-08-04,"4","LEP",1.39,2,NA,NA
"RT",2024-08-04,"4","LEP",1.36,2.2,NA,NA
"RT",2024-08-04,"4","LEP",1.62,1.8,NA,NA
"RT",2024-08-04,"4","LEP",3.56,2.9,NA,NA
"RT",2024-08-04,"4","LEP",0.85,1.6,NA,NA
"RT",2024-08-04,"4","LEP",0.6,1.3,NA,NA
"RT",2024-08-04,"4","LEP",0.77,1.6,NA,NA
"RT",2024-08-04,"4","LEP",0.87,1.7,NA,NA
"RT",2024-08-04,"4","LEP",1.47,2.2,NA,NA
"RT",2024-08-04,"4","LEP",0.51,1.2,4,NA
"RT",2024-08-04,"4","LEP",0.86,1.4,NA,NA
"RT",2024-08-04,"4","LEP",1.15,1.7,NA,NA
"RT",2024-08-04,"4","LEP",0.84,1.9,NA,NA
"RT",2024-08-04,"4","LEP",1.47,2,NA,NA
"RT",2024-08-04,"4","HEN",4.43,3.9,NA,NA
"RT",2024-08-04,"4","LEP",6,3.2,5,NA
"RT",2024-08-04,"4","EVA",21.9,6.5,3,NA
"RT",2024-08-04,"4","LEP",NA,NA,NA,NA
"RT",2024-08-04,"4","LEP",NA,NA,NA,NA
"RT",2024-08-04,"5","PIS",359.7,12.4,NA,NA
"RT",2024-08-04,"5","EVA",70.29,9.7,NA,NA
"RT",2024-08-04,"5","LEP",0.63,1.4,NA,NA
"RT",2024-08-04,"5","LEP",1.44,2,NA,NA
"RT",2024-08-04,"5","LEP",1.06,1.7,NA,NA
"RT",2024-08-04,"5","LEP",0.62,1.1,NA,NA
"RT",2024-08-04,"5","LEP",0.63,1.5,NA,NA
"RT",2024-08-04,"5","LEP",0.81,1.6,NA,NA
"RT",2024-08-04,"5","LEP",1.26,1.6,NA,NA
"RT",2024-08-04,"5","LEP",0.98,1.8,NA,NA
"RT",2024-08-04,"5","LEP",0.49,1.5,NA,NA
"RT",2024-08-04,"5","LEP",0.67,1.3,NA,NA
"RT",2024-08-04,"5","LEP",0.75,1.5,NA,NA
"RT",2024-08-04,"5","LEP",0.8,1.5,NA,NA
"RT",2024-08-04,"5","LEP",0.9,1.2,NA,NA
"RT",2024-08-04,"5","LEP",0.88,1.6,NA,NA
"RT",2024-08-04,"5","LEP",0.65,1.5,NA,NA
"RT",2024-08-04,"5","LEP",0.53,1.5,5,NA
"RT",2024-08-04,"5","LEP",1.38,2,NA,NA
"RT",2024-08-04,"5","LEP",0.55,1.3,NA,NA
"RT",2024-08-04,"5","LEP",0.41,1.3,4,NA
"SH",2024-08-05,"x","LEP",12.38,3.1,NA,"[Not sure about this length measurementâ€¦seems kinda crazy. This guy was big! This is just a note as I'm entering]"
"SH",2024-08-05,"1","LEP",NA,3.4,NA,NA
"SH",2024-08-05,"1","LEP",NA,NA,NA,NA
"SH",2024-08-05,"1","LEP",NA,NA,NA,NA
"SH",2024-08-05,"1","LEP",NA,NA,NA,NA
"SH",2024-08-05,"1","LEP",NA,NA,NA,NA
"SH",2024-08-05,"1","LEP",NA,NA,NA,NA
"SH",2024-08-05,"1","LEP",NA,NA,NA,NA
"SH",2024-08-05,"1","LEP",13.24,4.3,NA,NA
"SH",2024-08-05,"1","LEP",8.73,3.8,NA,NA
"SH",2024-08-05,"1","LEP",7.99,3.8,4,NA
"SH",2024-08-05,"1","LEP",5.93,3.2,NA,NA
"SH",2024-08-05,"1","LEP",3.73,2.5,NA,NA
"SH",2024-08-05,"1","LEP",8.62,3.9,NA,NA
"SH",2024-08-05,"1","LEP",2.61,2.7,NA,NA
"SH",2024-08-05,"1","LEP",5.25,2.6,NA,NA
"SH",2024-08-05,"1","LEP",1.44,1.9,NA,NA
"SH",2024-08-05,"1","LEP",3.43,2.9,NA,NA
"SH",2024-08-05,"1","LEP",9.07,3.7,NA,NA
"SH",2024-08-05,"1","LEP",6.89,3.2,NA,NA
"SH",2024-08-05,"1","LEP",6.41,3.1,NA,NA
"SH",2024-08-05,"1","LEP",5.06,3.1,NA,NA
"SH",2024-08-05,"1","LEP",5.17,2.8,NA,NA
"SH",2024-08-05,"1","LEP",6.37,3,NA,NA
"SH",2024-08-05,"1","LEP",1.43,2.3,NA,NA
"SH",2024-08-05,"1","LEP",9.99,3.9,NA,NA
"SH",2024-08-05,"1","LEP",2.62,2.4,5,NA
"SH",2024-08-05,"1","LEP",6.62,3.6,NA,NA
"SH",2024-08-05,"1","LEP",13.93,4.8,NA,NA
"SH",2024-08-05,"1","LEP",4.12,2.6,NA,NA
"SH",2024-08-05,"1","LEP",1.73,1.9,NA,NA
"SH",2024-08-05,"1","LEP",3.9,3,5,NA
"SH",2024-08-05,"1","LEP",1.02,1.4,NA,NA
"SH",2024-08-05,"1","LEP",2.43,2.3,NA,NA
"SH",2024-08-05,"1","LEP",1.4,2,NA,NA
"SH",2024-08-05,"1","LEP",0.62,1.3,4,NA
"SH",2024-08-05,"1","LEP",0.85,1.6,NA,NA
"SH",2024-08-05,"1","LEP",1.33,1.7,NA,NA
"SH",2024-08-05,"1","LEP",0.91,1.5,NA,NA
"SH",2024-08-05,"1","LEP",0.93,1.4,4,NA
"SH",2024-08-05,"2","LEP",NA,NA,NA,NA
"SH",2024-08-05,"2","LEP",NA,NA,NA,NA
"SH",2024-08-05,"2","LEP",NA,NA,NA,NA
"SH",2024-08-05,"2","LEP",NA,NA,NA,NA
"SH",2024-08-05,"2","LEP",NA,NA,NA,NA
"SH",2024-08-05,"2","LEP",NA,NA,NA,NA
"SH",2024-08-05,"2","LEP",NA,NA,NA,NA
"SH",2024-08-05,"2","LEP",NA,NA,NA,NA
"SH",2024-08-05,"2","LEP",3,2.5,NA,NA
"SH",2024-08-05,"2","LEP",2.35,2.4,NA,NA
"SH",2024-08-05,"2","LEP",7.85,4,NA,NA
"SH",2024-08-05,"2","LEP",3.79,2.5,NA,NA
"SH",2024-08-05,"2","LEP",8.18,3.7,NA,NA
"SH",2024-08-05,"2","LEP",6.53,3.3,NA,NA
"SH",2024-08-05,"2","LEP",9.99,3.8,NA,NA
"SH",2024-08-05,"2","LEP",4.92,3.1,NA,NA
"SH",2024-08-05,"2","LEP",2.81,2.2,NA,NA
"SH",2024-08-05,"2","LEP",2.22,2.3,NA,NA
"SH",2024-08-05,"2","LEP",4.69,3,NA,NA
"SH",2024-08-05,"2","LEP",2.84,2.4,NA,NA
"SH",2024-08-05,"2","LEP",5.24,3.3,4,NA
"SH",2024-08-05,"2","LEP",5.41,3.4,NA,NA
"SH",2024-08-05,"2","LEP",7.52,3.4,NA,NA
"SH",2024-08-05,"2","LEP",4.65,2.9,NA,NA
"SH",2024-08-05,"2","LEP",NA,NA,NA,NA
"SH",2024-08-05,"2","LEP",2.43,2.2,NA,NA
"SH",2024-08-05,"2","LEP",14.32,4.5,NA,NA
"SH",2024-08-05,"2","LEP",14.06,4.1,NA,NA
"SH",2024-08-05,"2","LEP",3.23,2.2,NA,NA
"SH",2024-08-05,"2","LEP",1.9,2,NA,NA
"SH",2024-08-05,"2","LEP",6.09,3,NA,NA
"SH",2024-08-05,"2","LEP",3.51,2.6,NA,NA
"SH",2024-08-05,"2","LEP",0.55,1.5,NA,NA
"SH",2024-08-05,"2","LEP",1.43,1.8,NA,NA
"SH",2024-08-05,"2","LEP",5.56,3,NA,NA
"SH",2024-08-05,"2","LEP",2.92,2.4,NA,NA
"SH",2024-08-05,"2","LEP",7.53,3.1,NA,NA
"SH",2024-08-05,"2","LEP",6.78,3,NA,NA
"SH",2024-08-05,"2","LEP",2.22,2.2,NA,NA
"SH",2024-08-05,"2","LEP",NA,NA,NA,NA
"SH",2024-08-05,"2","LEP",NA,NA,NA,NA
"SH",2024-08-05,"2","LEP",2.66,2,NA,NA
"SH",2024-08-05,"2","LEP",12.28,4,NA,NA
"SH",2024-08-05,"2","LEP",2.8,2.4,NA,NA
"SH",2024-08-05,"2","LEP",6,3.2,NA,NA
"SH",2024-08-05,"2","LEP",8.01,3.5,NA,NA
"SH",2024-08-05,"2","LEP",3.5,2.3,NA,NA
"SH",2024-08-05,"2","LEP",0.76,1.4,NA,NA
"SH",2024-08-05,"2","LEP",0.94,1.7,NA,NA
"SH",2024-08-05,"2","LEP",2.72,2.7,NA,NA
"SH",2024-08-05,"2","LEP",8.37,3.4,NA,NA
"SH",2024-08-05,"2","LEP",1.68,2.2,5,NA
"SH",2024-08-05,"2","LEP",2.63,2.4,NA,NA
"SH",2024-08-05,"2","LEP",NA,NA,NA,NA
"SH",2024-08-05,"2","LEP",NA,NA,NA,NA
"SH",2024-08-05,"2","LEP",2.23,2.3,NA,NA
"SH",2024-08-05,"2","LEP",6.51,2.9,NA,NA
"SH",2024-08-05,"2","LEP",3.28,2.5,NA,NA
"SH",2024-08-05,"2","LEP",10.46,3.6,NA,NA
"SH",2024-08-05,"2","LEP",5.49,2.9,NA,NA
"SH",2024-08-05,"2","LEP",1.25,1.9,NA,NA
"LCRA",2024-06-23,"1","PIS",473.7,16.8,NA,NA
"LCRA",2024-06-23,"1","PIS",434.4,15.3,NA,NA
"LCRA",2024-06-23,"x","PIS",391.1,15.1,NA,NA
"LCRA",2024-06-23,"x","PIS",395.2,18.4,NA,NA
"LCRA",2024-06-23,"1","LEP",NA,NA,NA,"Irretrievable"
"LCRA",2024-06-23,"3","LEP",NA,NA,NA,"Irretrievable"
"LCRA",2024-06-23,"1","EVA",78.8,9.8,NA,NA
"LCRA",2024-06-23,"1","EVA",7.22,4,NA,NA
"LCRA",2024-06-23,"1","EVA",11.15,4.5,NA,NA
"LCRA",2024-06-23,"x","EVA",116.2,10.9,NA,NA
"LCRA",2024-06-23,"x","EVA",20.6,7.1,NA,NA
"LCRA",2024-06-23,"1","DRM",112.1,8.6,NA,"DRM=Dermasterias"
"LCRA",2024-06-23,"2","HEN",15.61,6.1,NA,NA
"LCRA",2024-06-23,"2","HEN",15.87,6.8,NA,NA
"LCRA",2024-06-23,"1","LEP",1.58,1.7,NA,NA
"LCRA",2024-06-23,"1","LEP",1.6,1.7,NA,NA
"LCRA",2024-06-23,"1","LEP",2.85,2.5,NA,NA
"LCRA",2024-06-23,"1","LEP",11.49,4.2,NA,NA
"LCRA",2024-06-23,"x","LEP",2.14,2.9,NA,NA
"LCRA",2024-06-23,"x","LEP",4.44,2.7,NA,NA
"LCRA",2024-06-23,"x","LEP",4.75,3.2,NA,NA
"LCRA",2024-06-23,"2","LEP",4.24,2.4,NA,NA
"LCRA",2024-06-23,"2","LEP",1.06,2,NA,NA
"LCRA",2024-06-23,"2","LEP",1.83,2.1,NA,NA
"LCRA",2024-06-23,"2","LEP",4.22,3.2,NA,NA
"LCRA",2024-06-23,"2","LEP",8.64,4,NA,NA
"LCRA",2024-06-23,"3","LEP",0.55,1.4,NA,NA
"LCRA",2024-06-23,"3","LEP",0.28,1,NA,NA
"LCRA",2024-06-23,"3","LEP",0.2,1.1,NA,NA
"LCRA",2024-06-23,"3","LEP",0.84,1.6,NA,NA
"LCRA",2024-06-23,"3","LEP",0.76,1.5,NA,NA
"LCRA",2024-06-23,"3","LEP",0.2,1,NA,NA
"LCRA",2024-06-23,"3","LEP",0.91,1.8,NA,NA
"LCRA",2024-06-23,"x","LEP",6.59,3.3,NA,NA
"LCRA",2024-06-23,"x","LEP",1.19,1.8,NA,NA
"LCRA",2024-06-23,"x","LEP",0.81,1.4,NA,NA
"LCRA",2024-06-23,"x","LEP",1.98,2.3,NA,NA
"LCRA",2024-06-23,"x","LEP",1.58,2,NA,NA
"LCRA",2024-06-23,"x","LEP",7.64,4.1,NA,NA
"LCRA",2024-06-23,"x","LEP",3,2.7,NA,NA
"LCRA",2024-06-23,"x","LEP",0.75,1.4,NA,NA
"LCRA",2024-06-23,"x","LEP",5.46,3.2,NA,NA
"LCRA",2024-06-23,"x","LEP",0.76,1.3,NA,NA
"LCRA",2024-06-23,"x","LEP",0.97,1.5,NA,NA
"LCRA",2024-06-23,"x","LEP",2.91,2.6,NA,NA
"LCRA",2024-06-23,"x","LEP",0.8,1.5,NA,NA
"LCRA",2024-06-23,"x","LEP",0.37,1.2,NA,NA
"LCRA",2024-06-23,"x","LEP",0.88,1.5,NA,NA
"LCRA",2024-06-23,"x","LEP",1.51,2,NA,NA
"LCRA",2024-06-23,"x","LEP",5.14,3,NA,NA
"LCRA",2024-06-23,"x","LEP",0.46,1.1,NA,NA
"LCRA",2024-06-23,"x","LEP",3.55,2.7,NA,NA
"LCRA",2024-06-23,"x","LEP",1.1,1.7,NA,NA
"LCRA",2024-06-23,"x","LEP",1.12,1.5,NA,NA
"LCRA",2024-06-23,"x","LEP",1.17,1.6,NA,NA
"LCRA",2024-06-23,"x","LEP",5.55,3.1,NA,NA
"LCRA",2024-06-23,"x","LEP",0.52,1.6,NA,NA
"LCRA",2024-06-23,"x","LEP",1.68,1.8,NA,NA
"LCRA",2024-06-23,"x","LEP",1.07,1.6,NA,NA
"LCRA",2024-06-23,"x","LEP",1.64,2.1,NA,NA
"LCRA",2024-06-23,"x","LEP",0.61,1.3,NA,NA
"LCRA",2024-06-23,"x","LEP",1.34,2,NA,NA
"SH",2024-08-16,"3","LEP",NA,NA,NA,NA
"SH",2024-08-16,"3","LEP",NA,NA,NA,NA
"SH",2024-08-16,"3","LEP",NA,NA,NA,NA
"SH",2024-08-16,"3","LEP",NA,NA,NA,NA
"SH",2024-08-16,"3","LEP",NA,NA,NA,NA
"SH",2024-08-16,"3","LEP",NA,NA,NA,NA
"SH",2024-08-16,"3","LEP",NA,NA,NA,NA
"SH",2024-08-16,"3","LEP",NA,NA,NA,NA
"SH",2024-08-16,"3","LEP",2.99,2.6,NA,NA
"SH",2024-08-16,"3","LEP",6.45,3.2,NA,NA
"SH",2024-08-16,"3","LEP",6.94,3.5,NA,NA
"SH",2024-08-16,"3","LEP",9.87,3.9,NA,NA
"SH",2024-08-16,"3","LEP",1.4,1.8,NA,NA
"SH",2024-08-16,"3","LEP",4.1,3.1,NA,NA
"SH",2024-08-16,"3","LEP",NA,NA,NA,NA
"SH",2024-08-16,"3","LEP",9.99,4.5,NA,NA
"SH",2024-08-16,"3","LEP",2.55,2.2,NA,NA
"SH",2024-08-16,"3","LEP",0.77,1.5,NA,NA
"SH",2024-08-16,"3","LEP",NA,NA,NA,NA
"SH",2024-08-16,"3","LEP",NA,NA,NA,NA
"SH",2024-08-16,"3","LEP",1.19,1.8,NA,NA
"SH",2024-08-16,"3","LEP",2.6,2.5,NA,NA
"SH",2024-08-16,"3","LEP",15.09,4.9,NA,NA
"SH",2024-08-16,"3","LEP",3.71,2.8,NA,NA
"SH",2024-08-16,"3","LEP",NA,NA,NA,NA
"SH",2024-08-16,"3","LEP",3.28,2.6,NA,NA
"SH",2024-08-16,"3","LEP",4.92,2.9,NA,NA
"SH",2024-08-16,"3","LEP",2.08,2.2,NA,NA
"SH",2024-08-16,"3","LEP",NA,NA,NA,NA
"SH",2024-08-16,"3","LEP",0.85,1.5,NA,NA
"SH",2024-08-16,"3","LEP",0.89,1.5,NA,NA
"SH",2024-08-16,"3","LEP",NA,NA,NA,NA
"SH",2024-08-16,"3","LEP",NA,NA,NA,NA
"SH",2024-08-16,"3","LEP",5.22,3.6,5,NA
"SH",2024-08-16,"3","LEP",5.37,2.9,NA,NA
"PPSP",2024-08-17,"2","LEP",6.44,3.2,NA,NA
"PPSP",2024-08-17,"2","LEP",2.75,2.4,5,NA
"PPSP",2024-08-17,"2","LEP",9.99,3.9,NA,NA
"PPSP",2024-08-17,"2","LEP",4.29,3.4,3,NA
"PPSP",2024-08-17,"2","LEP",8.7,4.1,NA,NA
"PPSP",2024-08-17,"2","LEP",10.59,4,NA,NA
"PPSP",2024-08-17,"2","?",3.13,3.4,3,"SSWD?"
"PPSP",2024-08-17,"2","LEP",4.12,3.1,NA,NA
"PPSP",2024-08-17,"2","LEP",6.13,3.7,NA,NA
"PPSP",2024-08-17,"2","LEP",9.56,3.2,NA,NA
"PPSP",2024-08-17,"2","LEP",6.75,3.3,NA,NA
"PPSP",2024-08-17,"2","LEP",5.82,2.9,NA,NA
"PPSP",2024-08-17,"2","LEP",10.59,4,3,NA
"PPSP",2024-08-17,"2","LEP",4.29,3.1,NA,NA
"PPSP",2024-08-17,"2","LEP",10.82,3.9,NA,NA
"PPSP",2024-08-17,"2","LEP",13.88,4.9,NA,NA
"PPSP",2024-08-17,"2","LEP",6.71,3.1,NA,NA
"PPSP",2024-08-17,"2","LEP",11.66,3.9,NA,NA
"PPSP",2024-08-17,"2","LEP",10.39,3.8,NA,NA
"PPSP",2024-08-17,"2","LEP",7.85,3.5,NA,NA
"PPSP",2024-08-17,"2","LEP",8.16,3.6,NA,NA
"PPSP",2024-08-17,"2","LEP",6.44,3.3,NA,NA
"PPSP",2024-08-17,"2","LEP",4.88,3.5,5,"Eating a 2.4cm limpet, couldn't remove to weigh"
"PPSP",2024-08-17,"2","LEP",7.38,3.7,NA,NA
"PPSP",2024-08-17,"2","LEP",4,2.6,NA,NA
"PPSP",2024-08-17,"2","LEP",7.76,3.2,NA,NA
"PPSP",2024-08-17,"2","LEP",19.48,5,NA,NA
"PPSP",2024-08-17,"2","LEP",6.13,3.2,NA,NA
"PPSP",2024-08-17,"2","LEP",9.01,3.8,NA,NA
"PPSP",2024-08-17,"2","HEN",1.54,1.9,NA,NA
"PPSP",2024-08-17,"2","LEP",14.23,5.6,5,NA
"PPSP",2024-08-17,"2","LEP",7.39,4.2,NA,NA
"PPSP",2024-08-17,"3","LEP",8.13,3.5,NA,NA
"PPSP",2024-08-17,"3","HEN",1.48,1.9,NA,NA
"PPSP",2024-08-17,"3","LEP",0.001,0.01,NA,"Actually ""xxs"" written in both length and width"
"PPSP",2024-08-17,"3","LEP",2.6,2.3,5,NA
"PPSP",2024-08-17,"3","LEP",22.37,4.7,NA,NA
"PPSP",2024-08-17,"3","LEP",6.15,3.6,NA,NA
"PPSP",2024-08-17,"3","LEP",1.69,2.1,NA,NA
"PPSP",2024-08-17,"3","LEP",2.85,2.5,NA,NA
"PPSP",2024-08-17,"3","LEP",6.74,4.2,NA,NA
"PPSP",2024-08-17,"3","LEP",2.39,2.8,NA,NA
"PPSP",2024-08-17,"3","LEP",6.56,3.2,NA,NA
"PPSP",2024-08-17,"3","LEP",2.72,2.4,NA,NA
"PPSP",2024-08-17,"3","LEP",1.41,1.9,NA,NA
"PPSP",2024-08-17,"3","LEP",1.71,2,5,NA
"PPSP",2024-08-17,"3","LEP",3.99,3,NA,NA
"PPSP",2024-08-17,"3","LEP",4.74,3.1,NA,NA
"PPSP",2024-08-17,"3","LEP",9.51,3.8,NA,NA
"PPSP",2024-08-17,"3","LEP",5.3,3.2,NA,NA
"PPSP",2024-08-17,"3","LEP",4.85,3.6,NA,NA
"PPSP",2024-08-17,"3","LEP",4.59,3.4,NA,NA
"PPSP",2024-08-17,"3","LEP",3.81,3.1,NA,NA
"PPSP",2024-08-17,"3","LEP",4.09,2.5,NA,NA
"PPSP",2024-08-17,"3","LEP",5.8,3,NA,NA
"PPSP",2024-08-17,"3","LEP",4.62,2.9,NA,NA
"PPSP",2024-08-17,"3","LEP",3.99,2.9,NA,NA
"PPSP",2024-08-17,"3","LEP",2.57,2.5,NA,NA
"PPSP",2024-08-17,"3","LEP",0.6,1.4,NA,NA
"PPSP",2024-08-17,"3","LEP",4.99,2.8,NA,NA
"PPSP",2024-08-17,"3","LEP",2.01,2.3,7,NA
"PPSP",2024-08-17,"3","LEP",9.48,4.7,NA,NA
"PPSP",2024-08-17,"3","LEP",1.43,1.8,NA,NA
"PPSP",2024-08-17,"3","LEP",9.72,4.6,NA,NA
"PPSP",2024-08-17,"3","LEP",7.22,3.8,NA,NA
"PPSP",2024-08-17,"3","LEP",5.01,3,NA,NA
"PPSP",2024-08-17,"3","LEP",0.16,1,2,NA
"PPSP",2024-08-17,"3","LEP",0.68,1.3,NA,NA
"PPSP",2024-08-17,"3","LEP",0.62,1.3,NA,NA
"PPSP",2024-08-19,"4","LEP",7.12,3.8,NA,NA
"PPSP",2024-08-19,"4","LEP",12.39,3.6,NA,NA
"PPSP",2024-08-19,"4","LEP",2.49,2.5,5,NA
"PPSP",2024-08-19,"4","LEP",3.11,2.2,NA,NA
"PPSP",2024-08-19,"4","HEN",1.46,2.2,NA,NA
"PPSP",2024-08-19,"4","HEN",0.38,1.4,NA,NA
"PPSP",2024-08-19,"4","LEP",7.9,3.6,NA,NA
"PPSP",2024-08-19,"4","HEN",0.05,0.5,NA,NA
"PPSP",2024-08-19,"4","LEP",0.01,0.1,NA,"Actually says "">,1"" for both; collected"
"PPSP",2024-08-19,"4","LEP",0.01,0.1,NA,"Actually says "">,1"" for both; collected"
"PPSP",2024-08-19,"4","LEP",12.37,3.6,NA,NA
"PPSP",2024-08-19,"4","LEP",0.95,2.3,4,NA
"PPSP",2024-08-19,"4","LEP",2.78,2.8,NA,NA
"PPSP",2024-08-19,"4","LEP",3.23,2.9,5,NA
"PPSP",2024-08-19,"4","LEP",0.98,1.7,5,"Arms 4 + .5 + .5"
"PPSP",2024-08-19,"4","LEP",3.74,2.9,NA,NA
"PPSP",2024-08-19,"4","LEP",5.52,3.7,NA,NA
"PPSP",2024-08-19,"4","LEP",2.82,2.5,NA,NA
"PPSP",2024-08-19,"4","LEP",6.14,3.4,NA,NA
"PPSP",2024-08-19,"4","LEP",2.16,2.7,NA,NA
"PPSP",2024-08-19,"4","LEP",2.86,2.5,NA,NA
"PPSP",2024-08-19,"4","LEP",7.89,3.6,NA,NA
"PPSP",2024-08-19,"4","LEP",2.23,2.4,5,NA
"PPSP",2024-08-19,"4","LEP",0.62,1.6,NA,NA
"PPSP",2024-08-19,"4","LEP",8.01,3.9,NA,NA
"PPSP",2024-08-19,"4","LEP",1.16,2.1,5,NA
"PPSP",2024-08-19,"4","LEP",1.81,2.6,NA,NA
"PPSP",2024-08-19,"4","LEP",3.3,2.8,NA,NA
"PPSP",2024-08-19,"4","LEP",1.11,1.7,NA,NA
"PPSP",2024-08-19,"4","LEP",8.08,3.8,NA,NA
"PPSP",2024-08-19,"4","LEP",1.16,1.8,NA,NA
"PPSP",2024-08-19,"4","LEP",2.06,2.1,NA,NA
"PPSP",2024-08-19,"4","LEP",2.66,2.1,NA,NA
"PPSP",2024-08-19,"4","LEP",1.48,1.8,NA,NA
"PPSP",2024-08-19,"4","LEP",1.7,2.2,NA,NA
"PPSP",2024-08-19,"4","LEP",7.28,3.5,NA,NA
"PPSP",2024-08-19,"4","LEP",2.58,2.6,NA,NA
"PPSP",2024-08-19,"4","LEP",1.61,2.1,NA,NA
"PPSP",2024-08-19,"4","LEP",4.8,3.2,NA,NA
"PPSP",2024-08-19,"4","LEP",6.55,3.6,NA,NA
"PPSP",2024-08-19,"4","LEP",3.35,2.2,NA,NA
"PPSP",2024-08-19,"4","LEP",3.28,2.7,NA,NA
"PPSP",2024-08-19,"4","LEP",14.76,2.8,NA,NA
"PPSP",2024-08-19,"4","HEN",1.14,1.7,NA,NA
"PPSP",2024-08-19,"4","LEP",2.89,2.4,NA,NA
"PPSP",2024-08-19,"4","LEP",0.08,1,1,NA
"PPSP",2024-08-19,"4","LEP",3.37,2.7,NA,NA
"PPSP",2024-08-19,"4","LEP",0.85,1.5,NA,NA
"PPSP",2024-08-19,"4","HEN",1.03,1.8,NA,NA
"PPSP",2024-08-19,"4","LEP",5.99,3.1,NA,NA
"PPSP",2024-08-19,"4","LEP",5.56,2.9,NA,NA
"PPSP",2024-08-19,"4","LEP",4.22,3.2,NA,NA
"PPSP",2024-08-19,"4","LEP",0.32,1.1,5,NA
"PPSP",2024-08-19,"4","LEP",0.25,1.2,NA,NA
"PPSP",2024-08-19,"5","HEN",1.01,1.7,NA,NA
"PPSP",2024-08-19,"5","LEP",10.22,3.7,NA,NA
"PPSP",2024-08-19,"5","LEP",2.1,2.2,NA,NA
"PPSP",2024-08-19,"5","LEP",3.06,2.6,NA,NA
"PPSP",2024-08-19,"5","LEP",3.43,2.5,5,NA
"PPSP",2024-08-19,"5","LEP",8.56,3.9,NA,NA
"PPSP",2024-08-19,"5","LEP",4.08,2.6,NA,NA
"PPSP",2024-08-19,"5","LEP",5.81,3.5,NA,NA
"PPSP",2024-08-19,"5","LEP",7.24,3.7,NA,NA
"PPSP",2024-08-19,"5","LEP",3.01,2.6,5,NA
"PPSP",2024-08-19,"5","LEP",5.61,3,NA,NA
"PPSP",2024-08-19,"5","LEP",2.65,2.9,NA,NA
"PPSP",2024-08-19,"5","LEP",8.5,3.7,NA,NA
"PPSP",2024-08-19,"5","LEP",3.25,2.2,NA,NA
"PPSP",2024-08-19,"5","LEP",2.25,2.4,NA,NA
"PPSP",2024-08-19,"5","LEP",13.63,4.1,NA,NA
"PPSP",2024-08-19,"5","LEP",2.24,2.4,NA,NA
"PPSP",2024-08-19,"5","LEP",4.85,3.1,NA,NA
"PPSP",2024-08-19,"5","LEP",1.57,1.9,NA,NA
"PPSP",2024-08-19,"5","LEP",10.9,4,NA,NA
"PPSP",2024-08-19,"5","HEN",1.75,1.8,NA,NA
"SH",2024-08-20,"4","EVA",NA,NA,NA,"irretrievable"
"SH",2024-08-20,"x","DERM",147.5,11.2,NA,"From island lowland of belt 4, opposite side of shallow channel from bench of first 3 belts"
"SH",2024-08-20,"x","DERM",36.1,6.7,NA,NA
"SH",2024-08-20,"x","DERM",199.8,11.6,NA,NA
"SH",2024-08-20,"x","DERM",172.1,11,6,NA
"LCFP",2025-04-30,"1","LEP",NA,NA,NA,NA
"LCFP",2025-04-30,"1","LEP",NA,NA,NA,NA
"LCFP",2025-04-30,"1","LEP",NA,NA,NA,NA
"LCFP",2025-04-30,"1","LEP",NA,NA,NA,NA
"LCFP",2025-04-30,"1","LEP",NA,NA,NA,"Wasting? Photographed"
"LCFP",2025-04-30,"1","LEP",1.36,1.7,NA,NA
"LCFP",2025-04-30,"1","LEP",3.27,2.8,NA,NA
"LCFP",2025-04-30,"1","LEP",1.82,2.1,NA,NA
"LCFP",2025-04-30,"1","LEP",3.39,3,NA,NA
"LCFP",2025-04-30,"1","LEP",2.76,2.8,NA,NA
"LCFP",2025-04-30,"1","LEP",3.49,3,NA,NA
"LCFP",2025-04-30,"1","LEP",5.73,3.4,NA,NA
"LCFP",2025-04-30,"1","LEP",0.8,1.6,NA,NA
"LCFP",2025-04-30,"1","LEP",0.68,1.3,NA,NA
"LCFP",2025-04-30,"1","LEP",1.07,1.7,5,NA
"LCFP",2025-04-30,"1","LEP",1.04,1.6,NA,NA
"LCFP",2025-04-30,"1","LEP",3.8,3,NA,NA
"LCFP",2025-04-30,"1","LEP",1.39,2,3,NA
"LCFP",2025-04-30,"1","LEP",2.84,2.1,NA,NA
"LCFP",2025-04-30,"1","LEP",3.34,2.2,NA,NA
"LCFP",2025-04-30,"1","LEP",4.88,3,NA,NA
"LCFP",2025-04-30,"1","LEP",1.69,2.3,5,NA
"LCFP",2025-04-30,"1","LEP",4.12,2.7,NA,NA
"LCFP",2025-04-30,"1","LEP",6.86,3.5,NA,NA
"LCFP",2025-04-30,"1","LEP",2.44,2.3,NA,NA
"LCFP",2025-04-30,"1","LEP",4.51,3,NA,NA
"LCFP",2025-04-30,"1","LEP",0.47,1.1,NA,NA
"LCFP",2025-04-30,"1","LEP",6.48,3.2,NA,NA
"LCFP",2025-04-30,"1","LEP",2.59,2.3,NA,NA
"LCFP",2025-04-30,"1","LEP",2.61,2.4,NA,NA
"LCFP",2025-04-30,"1","LEP",0.77,1.6,NA,NA
"LCFP",2025-04-30,"1","LEP",0.35,1.1,NA,NA
"LCFP",2025-04-30,"1","LEP",1.15,1.8,NA,NA
"LCFP",2025-04-30,"1","LEP",0.79,1.6,NA,NA
"LCFP",2025-04-30,"1","LEP",0.67,1.2,NA,NA
"LCFP",2025-04-30,"1","LEP",0.6,1.3,NA,NA
"LCFP",2025-04-30,"1","LEP",0.42,1,NA,NA
"LCFP",2025-04-30,"1","EVA",54.9,9,NA,NA
"LCFP",2025-04-30,"1","DERM",131.7,9.2,NA,NA
"LCFP",2025-04-30,"1","DERM",88.3,8.6,NA,NA
"LCFP",2025-04-30,"x","PIS",656.2,21.5,NA,NA
"LCFP",2025-04-30,"x","PIS",572.8,18.8,NA,NA
"LCFP",2025-04-30,"x","PIS",646.1,18.5,NA,NA
"LCFP",2025-04-30,"x","PIS",569.8,18.5,NA,NA
"LCFP",2025-04-30,"x","PIS",397.3,14.6,NA,NA
"LCFP",2025-04-30,"x","PIS",621.4,18,NA,NA
"LCFP",2025-04-30,"x","PIS",465.2,17.5,NA,NA
"LCFP",2025-04-30,"2","DERM",NA,NA,NA,NA
"LCFP",2025-04-30,"2","LEP",0.91,1.7,NA,NA
"LCFP",2025-04-30,"2","LEP",3.24,2.5,NA,NA
"LCFP",2025-04-30,"2","LEP",3.46,2.8,NA,NA
"LCFP",2025-04-30,"2","LEP",3.27,2.5,NA,NA
"LCFP",2025-04-30,"2","LEP",4.85,3,NA,NA
"LCFP",2025-04-30,"2","LEP",1.6,2,NA,NA
"LCFP",2025-04-30,"2","LEP",2.01,2.3,NA,NA
"LCFP",2025-04-30,"2","LEP",3.42,2.4,NA,NA
"LCFP",2025-04-30,"2","LEP",2.79,2.5,NA,NA
"LCFP",2025-04-30,"2","LEP",4.01,2.7,NA,NA
"LCFP",2025-04-30,"2","LEP",1.11,1.8,NA,NA
"LCFP",2025-04-30,"2","LEP",NA,NA,NA,NA
"LCFP",2025-04-30,"2","LEP",NA,NA,NA,NA
"LCFP",2025-04-30,"2","LEP",1.91,2.4,5,NA
"LCFP",2025-04-30,"2","EVA",64.22,10.3,NA,NA
"LCFP",2025-04-30,"2","DERM",12.32,4.5,NA,NA
"LCFP",2025-04-30,"2","DERM",12.42,4.3,NA,NA
"LCFP",2025-04-30,"x","PIS",NA,NA,NA,NA
"LCFP",2025-04-30,"x","PIS",317.6,13.7,NA,NA
"LCFP",2025-04-30,"x","PIS",325.8,14,NA,NA
"LCFP",2025-04-30,"x","PIS",532.5,15.8,NA,NA
"LCFP",2025-04-30,"x","PIS",NA,NA,NA,NA
"LCFP",2025-04-30,"x","PIS",399,16.4,NA,NA
"LCFP",2025-05-01,"3","LEP",NA,NA,NA,NA
"LCFP",2025-05-01,"3","LEP",NA,NA,NA,NA
"LCFP",2025-05-01,"3","LEP",NA,NA,NA,"Dead!"
"LCFP",2025-05-01,"3","LEP",0.67,1.3,NA,NA
"LCFP",2025-05-01,"3","LEP",1.05,1.7,NA,NA
"LCFP",2025-05-01,"3","LEP",1.33,1.6,NA,NA
"LCFP",2025-05-01,"3","LEP",4.01,2.6,NA,NA
"LCFP",2025-05-01,"3","DERM",71.58,8.5,NA,NA
"LCFP",2025-05-01,"4","LEP",NA,NA,NA,NA
"LCFP",2025-05-01,"4","LEP",NA,NA,NA,NA
"LCFP",2025-05-01,"4","LEP",NA,NA,NA,NA
"LCFP",2025-05-01,"4","LEP",NA,NA,NA,NA
"LCFP",2025-05-01,"4","LEP",NA,NA,NA,NA
"LCFP",2025-05-01,"4","LEP",NA,NA,NA,NA
"LCFP",2025-05-01,"4","LEP",NA,NA,NA,NA
"LCFP",2025-05-01,"4","LEP",NA,NA,NA,NA
"LCFP",2025-05-01,"4","LEP",2.39,2.4,NA,NA
"LCFP",2025-05-01,"4","LEP",0.27,0.9,NA,NA
"LCFP",2025-05-01,"4","LEP",0.39,1.1,NA,NA
"LCFP",2025-05-01,"4","LEP",5.39,3.5,NA,NA
"LCFP",2025-05-01,"4","LEP",NA,NA,NA,NA
"LCFP",2025-05-01,"4","LEP",3.14,3,NA,NA
"LCFP",2025-05-01,"4","LEP",4.66,2.9,NA,NA
"LCFP",2025-05-01,"4","LEP",2.42,2.3,NA,NA
"LCFP",2025-05-01,"4","LEP",4.99,3.5,NA,NA
"LCFP",2025-05-01,"4","LEP",0.73,1.8,NA,NA
"LCFP",2025-05-01,"4","LEP",0.27,0.9,5,NA
"LCFP",2025-05-01,"4","LEP",0.68,1.4,NA,NA
"LCFP",2025-05-01,"4","LEP",3.97,3.7,NA,NA
"LCFP",2025-05-01,"4","LEP",5.1,3.3,NA,NA
"LCFP",2025-05-01,"4","LEP",2.64,2.7,NA,NA
"LCFP",2025-05-01,"4","LEP",0.5,1.2,4,NA
"LCFP",2025-05-01,"4","LEP",2.2,2.1,NA,NA
"LCFP",2025-05-01,"4","LEP",1.1,1.5,NA,NA
"LCFP",2025-05-01,"4","LEP",1.2,1.6,NA,NA
"LCFP",2025-05-01,"4","LEP",0.99,1.8,NA,NA
"LCFP",2025-05-01,"4","LEP",6.76,3.7,NA,"*Brooding*"
"LCFP",2025-05-01,"4","LEP",0.65,1.3,NA,NA
"LCFP",2025-05-01,"4","LEP",3.28,2.5,NA,NA
"LCFP",2025-05-01,"4","LEP",5.28,3.4,NA,NA
"LCFP",2025-05-01,"4","LEP",0.15,0.7,4,NA
"LCFP",2025-05-01,"4","LEP",9.84,5.8,NA,NA
"LCFP",2025-05-01,"5","LEP",0.4,1.2,NA,NA
"LCFP",2025-05-01,"5","LEP",0.98,1.5,NA,NA
"LCFP",2025-05-01,"5","LEP",0.6,1.4,NA,NA
"LCFP",2025-05-01,"5","LEP",1.24,1.9,NA,NA
"LCFP",2025-05-01,"5","LEP",6.3,3.7,5,NA
"LCFP",2025-05-01,"5","LEP",0.77,1.3,NA,NA
"LCFP",2025-05-01,"5","LEP",0.2,0.7,NA,NA
"LCFP",2025-05-01,"5","LEP",0.45,1.2,NA,NA
"LCFP",2025-05-01,"5","LEP",0.52,1.3,NA,NA
"LCFP",2025-05-01,"5","LEP",5.99,3.2,NA,NA
"LCFP",2025-05-01,"5","LEP",0.54,1.2,NA,NA
"LCFP",2025-05-01,"5","LEP",0.67,1.4,NA,NA
"LCFP",2025-05-01,"5","LEP",NA,NA,NA,NA
"LCFP",2025-05-01,"5","LEP",0.61,1.1,NA,NA
"LCFP",2025-05-01,"5","LEP",0.43,1,NA,NA
"LCFP",2025-05-01,"5","LEP",0.74,1.5,NA,NA
"LCFP",2025-05-01,"5","LEP",1.07,1.7,NA,NA
"LCFP",2025-05-01,"5","LEP",0.95,1.4,NA,NA
"LCFP",2025-05-01,"5","LEP",0.67,1.6,NA,NA
"LCFP",2025-05-01,"5","LEP",1.28,1.8,NA,NA
"LCFP",2025-05-01,"5","LEP",2.9,3,NA,NA
"LCFP",2025-05-01,"5","LEP",0.46,1.1,NA,NA
"LCFP",2025-05-01,"5","LEP",0.79,1.2,NA,NA
"LCFP",2025-05-01,"5","LEP",2.62,2.2,NA,NA
"LCFP",2025-05-01,"5","LEP",2.16,2.4,NA,NA
"LCFP",2025-05-01,"5","LEP",2.55,2.5,NA,NA
"LCFP",2025-05-01,"5","LEP",1.22,1.9,NA,NA
"LCFP",2025-05-01,"5","LEP",0.6,1.2,NA,NA
"LCFP",2025-05-01,"5","LEP",0.63,1.2,NA,NA
"LCFP",2025-05-01,"5","LEP",0.43,1.3,NA,NA
"LCFP",2025-05-01,"5","LEP",0.8,1.4,NA,NA
"LCFP",2025-05-01,"5","LEP",0.34,1,NA,NA
"LCFP",2025-05-01,"5","LEP",0.5,1.2,NA,NA
"LCFP",2025-05-01,"5","LEP",4.3,3.1,NA,NA
"LCFP",2025-05-01,"5","LEP",7.55,3.8,NA,NA
"LCFP",2025-05-01,"5","PIS",NA,NA,NA,NA
"CP",2024-06-24,"1","LEP",0.98,1.7,NA,NA
"CP",2024-06-24,"1","HEN",1.87,2.3,NA,NA
"CP",2024-06-24,"1","HEN",3.58,3.1,NA,NA
"CP",2024-06-24,"1","LEP",0.65,1.2,NA,NA
"CP",2024-06-24,"1","LEP",2.12,2.2,NA,NA
"CP",2024-06-24,"1","LEP",2.88,2.5,NA,NA
"CP",2024-06-24,"1","HEN",1.28,1.7,NA,NA
"CP",2024-06-24,"1","HEN",1.13,1.8,NA,NA
"CP",2024-06-24,"1","HEN",2.99,2.9,NA,NA
"CP",2024-06-24,"1","EV",NA,NA,NA,"Irretrievable"
"CP",2024-06-24,"2","LEP",1.11,1.7,NA,NA
"CP",2024-06-24,"2","LEP",4.94,2.8,NA,NA
"CP",2024-06-24,"2","LEP",0.82,1.9,NA,NA
"CP",2024-06-24,"2","LEP",4.99,3.2,NA,NA
"CP",2024-06-24,"2","LEP",2.3,2,NA,NA
"CP",2024-06-24,"2","LEP",1.13,1.6,NA,"Arm accidentally removed by AKD during retrieval"
"CP",2024-06-24,"2","LEP",1.48,1.7,NA,NA
"CP",2024-06-24,"2","LEP",2.03,2.3,NA,NA
"CP",2024-06-24,"2","LEP",1.4,1.7,NA,NA
"CP",2024-06-24,"2","LEP",1.52,1.8,NA,NA
"CP",2024-06-24,"2","LEP",2.18,1.7,NA,NA
"CP",2024-06-24,"2","LEP",0.3,0.9,NA,NA
"CP",2024-06-24,"2","LEP",2.48,2.4,NA,NA
"CP",2024-06-24,"x","?",1.4,1.9,NA,"Five arms; photographed"
"CP",2024-06-24,"2","LEP",3.54,2.5,NA,NA
"CP",2024-06-24,"2","LEP",2.62,2.3,NA,NA
"CP",2024-06-24,"2","LEP",2.03,2,NA,NA
"CP",2024-06-24,"2","LEP",1.47,1.6,NA,NA
"CP",2024-06-24,"2","LEP",5.69,3.1,NA,NA
"CP",2024-06-24,"3","LEP",NA,NA,NA,"Very small; irretrievable"
"CP",2024-06-24,"3","LEP",NA,NA,NA,"Very small; irretrievable"
"CP",2024-06-24,"2","LEP",0.76,1.3,NA,NA
"CP",2024-06-24,"2","LEP",1.33,1.8,NA,NA
"CP",2024-06-24,"2","LEP",0.21,0.9,NA,NA
"CP",2024-06-24,"2","LEP",0.05,0.4,NA,NA
"CP",2024-06-24,"2","LEP",0.66,1.3,NA,NA
"CP",2024-06-24,"3","HEN",13.51,6.5,NA,NA
"CP",2024-06-24,"3","LEP",2.01,2.1,NA,NA
"CP",2024-06-24,"3","LEP",0.17,0.7,NA,NA
"CP",2024-06-24,"3","LEP",0.31,1.1,NA,NA
"CP",2024-06-24,"3","?",0.36,1,NA,"5 arms"
"CP",2024-06-24,"x","LEP",1.04,1.5,NA,NA
"CP",2024-06-24,"x","LEP",4.58,2.8,NA,NA
"CP",2024-06-24,"x","LEP",6.84,3.6,NA,NA
"CP",2024-06-24,"x","LEP",6.62,2.9,NA,NA
"CP",2024-06-24,"x","LEP",3.52,2.5,NA,NA
"CP",2024-06-24,"x","LEP",9.01,4.1,NA,NA
"CP",2024-06-24,"x","LEP",4.82,2.7,NA,NA
"CP",2024-06-24,"x","LEP",4.61,3.2,NA,NA
"CP",2024-06-24,"x","LEP",1.14,1.4,NA,NA
"CP",2024-06-24,"x","LEP",8.16,3.9,NA,NA
"CP",2024-06-24,"x","LEP",4.56,2.8,NA,NA
"CP",2024-06-24,"x","LEP",2.56,2.5,NA,NA
"CP",2024-06-24,"x","LEP",0.7,1.3,NA,NA
"CP",2024-06-24,"x","LEP",0.32,1.1,NA,NA
"CP",2024-06-24,"x","LEP",0.75,1.3,NA,NA
"CP",2024-06-24,"x","LEP",3.53,2.4,NA,NA
"CP",2024-06-24,"x","LEP",7.43,3.1,NA,NA
"CP",2024-06-24,"x","LEP",3.16,2.5,NA,NA
"CP",2024-06-24,"x","LEP",10.34,4.1,NA,NA
"CP",2024-06-24,"x","LEP",1.29,1.9,NA,NA
"CP",2024-06-24,"x","LEP",1.47,2.1,NA,NA
"CP",2024-06-24,"x","LEP",6.42,3.3,NA,NA
"DB",2024-06-25,"1","LEP",NA,NA,NA,"Irretrievable"
"DB",2024-06-25,"1","LEP",2.74,2.4,NA,NA
"DB",2024-06-25,"1","LEP",1.78,2.1,NA,NA
"DB",2024-06-25,"1","LEP",9.73,3.8,NA,NA
"DB",2024-06-25,"1","LEP",2.46,2.7,NA,NA
"DB",2024-06-25,"1","LEP",3.48,2.6,NA,NA
"DB",2024-06-25,"1","LEP",2.34,2.3,NA,NA
"DB",2024-06-25,"1","LEP",1.66,1.8,NA,NA
"DB",2024-06-25,"1","LEP",3.72,2.7,NA,NA
"DB",2024-06-25,"1","LEP",0.74,1.4,5,NA
"DB",2024-06-25,"1","LEP",0.45,1.1,NA,NA
"DB",2024-06-25,"1","LEP",0.35,1.2,5,NA
"DB",2024-06-25,"1","LEP",0.33,0.8,NA,NA
"DB",2024-06-25,"1","LEP",0.54,1.9,5,NA
"DB",2024-06-25,"1","LEP",0.85,1.3,NA,NA
"DB",2024-06-25,"1","LEP",0.73,1.5,5,NA
"DB",2024-06-25,"1","LEP",3.37,2.7,NA,NA
"DB",2024-06-25,"1","LEP",0.15,0.7,NA,NA
"DB",2024-06-25,"1","LEP",2.01,2.2,NA,NA
"DB",2024-06-25,"1","HEN",2.62,3.4,2,":("
"DB",2024-06-25,"1","LEP",1.01,1.5,NA,NA
"DB",2024-06-25,"1","LEP",0.74,1.4,NA,NA
"DB",2024-06-25,"2","LEP",NA,NA,NA,"Irretrievable"
"DB",2024-06-25,"2","LEP",5.74,3.1,NA,NA
"DB",2024-06-25,"2","LEP",3.5,2.3,NA,NA
"DB",2024-06-25,"2","LEP",5.17,3,NA,NA
"DB",2024-06-25,"2","LEP",2.88,2.7,5,NA
"DB",2024-06-25,"2","LEP",1.81,2.5,5,NA
"DB",2024-06-25,"2","LEP",0.96,1.6,NA,NA
"DB",2024-06-25,"2","LEP",0.66,1.3,NA,NA
"DB",2024-06-25,"3","HEN",0.09,0.7,NA,NA
"DB",2024-06-25,"2","LEP",3,2.5,NA,NA
"DB",2024-06-25,"2","LEP",5.92,3.4,NA,NA
"DB",2024-06-25,"2","LEP",0.52,1.2,NA,NA
"DB",2024-06-25,"2","LEP",0.69,1.5,NA,NA
"DB",2024-06-25,"2","LEP",2.17,2.1,NA,NA
"DB",2024-06-25,"2","LEP",1.54,1.6,5,"Tiny 6th arm; we have a photo of this inidvidual"
"DB",2024-06-25,"2","LEP",0.65,1.5,NA,NA
"DB",2024-06-25,"2","LEP",0.07,0.6,NA,NA
"DB",2024-06-25,"2","LEP",0.17,0.9,4,"""?"" in margins"
"DB",2024-06-25,"3","LEP",6.06,3.3,NA,NA
"DB",2024-06-25,"3","?",0.96,1.3,5,NA
"DB",2024-06-25,"3","LEP",0.6,1.4,NA,NA
"DB",2024-06-25,"3","LEP",1.39,2.4,1,"1 huge [arm], 5 small"
"DB",2024-06-25,"3","HEN",1.04,1.3,NA,NA
"DB",2024-06-25,"3","LEP",0.76,1.5,5,NA
"DB",2024-06-25,"3","LEP",7.01,3.6,NA,NA
"DB",2024-06-25,"3","LEP",2.87,2.1,NA,NA
"DB",2024-06-25,"3","LEP",8.16,3.6,NA,NA
"DB",2024-06-25,"3","LEP",3.74,2.6,NA,NA
"DB",2024-06-25,"3","LEP",1.5,2.3,NA,NA
"DB",2024-06-25,"3","LEP",7,4.1,NA,NA
"DB",2024-06-25,"3","LEP",2.64,3.1,NA,NA
"DB",2024-06-25,"3","LEP",0.36,1.2,NA,NA
"DB",2024-06-25,"x","LEP",4.45,3.8,NA,NA
"DB",2024-06-25,"x","LEP",1.79,2,NA,NA
"DB",2024-06-25,"x","LEP",0.52,1.8,NA,NA
"DB",2024-06-25,"x","LEP",2.63,2.1,NA,NA
"DB",2024-06-25,"x","LEP",12.16,3.8,NA,NA
"PPNP",2024-07-02,"1","LEP",0.52,1.8,NA,NA
"PPNP",2024-07-02,"1","LEP",2.01,2.5,NA,NA
"PPNP",2024-07-02,"1","LEP",4.75,2.7,NA,NA
"PPNP",2024-07-02,"1","LEP",2.7,2,7,"photographed"
"PPNP",2024-07-02,"1","LEP",2.22,2.5,NA,NA
"PPNP",2024-07-02,"1","LEP",1.17,1.7,NA,NA
"PPNP",2024-07-02,"1","LEP",4.87,2.9,NA,NA
"PPNP",2024-07-02,"1","LEP",3.13,2.4,NA,NA
"PPNP",2024-07-02,"1","LEP",0.81,1.6,NA,NA
"PPNP",2024-07-02,"1","LEP",3.93,2.6,NA,NA
"PPNP",2024-07-02,"1","LEP",0.47,1.2,NA,NA
"PPNP",2024-07-02,"1","LEP",4.07,3.1,5,"photographed"
"PPNP",2024-07-02,"1","LEP",1.79,2.1,5,NA
"PPNP",2024-07-02,"1","LEP",2.41,2,NA,NA
"PPNP",2024-07-02,"1","LEP",0.87,1.7,NA,NA
"PPNP",2024-07-02,"1","LEP",3.56,2.7,NA,NA
"PPNP",2024-07-02,"1","HEN?",1.19,1.6,NA,"photographed"
"PPNP",2024-07-02,"1","HEN?",0.8,1.6,NA,"photographed"
"PPNP",2024-07-02,"1","HEN",0.15,0.6,NA,"photographed"
"PPNP",2024-07-02,"1","LEP",3.11,2.7,NA,NA
"PPNP",2024-07-02,"1","LEP",0.84,1.5,NA,NA
"PPNP",2024-07-02,"1","LEP",1.62,2,5,NA
"PPNP",2024-07-02,"1","LEP",1.04,1.6,NA,NA
"PPNP",2024-07-02,"1","LEP",2.61,2.2,NA,NA
"PPNP",2024-07-02,"1","LEP",2.59,2.4,NA,NA
"PPNP",2024-07-02,"1","LEP",2.99,2.9,NA,NA
"PPNP",2024-07-02,"1","LEP",1.7,1.9,NA,NA
"PPNP",2024-07-02,"1","LEP",3.26,2.3,NA,NA
"PPNP",2024-07-02,"1","HEN",0.71,1.4,NA,NA
"PPNP",2024-07-02,"1","LEP",2.48,2.3,NA,NA
"PPNP",2024-07-02,"1","LEP",0.71,1.5,NA,NA
"PPNP",2024-07-02,"1","LEP",2.57,2.2,NA,NA
"PPNP",2024-07-02,"1","LEP",1.25,1.6,NA,NA
"PPNP",2024-07-02,"1","LEP",1.04,1.9,NA,NA
"PPNP",2024-07-02,"1","LEP",1.9,2.1,NA,NA
"PPNP",2024-07-02,"1","LEP",3.16,2.4,NA,NA
"PPNP",2024-07-02,"1","HEN",1.49,2,NA,NA
"PPNP",2024-07-02,"1","HEN",0.36,1,NA,NA
"PPNP",2024-07-02,"1","HEN",0.42,1.1,NA,NA
"PPNP",2024-07-02,"1","HEN",0.69,1.3,NA,NA
"PPNP",2024-07-02,"1","HEN",0.23,0.7,NA,NA
"PPNP",2024-07-02,"1","LEP",2.32,2.4,NA,NA
"PPNP",2024-07-02,"1","LEP",3.65,2.6,NA,NA
"PPNP",2024-07-02,"1","LEP",1.5,1.7,NA,NA
"PPNP",2024-07-02,"1","LEP",0.75,1.6,NA,NA
"PPNP",2024-07-02,"1","LEP",0.46,1.1,5,NA
"PPNP",2024-07-02,"1","LEP",2.13,2.3,NA,NA
"PPNP",2024-07-02,"1","LEP",0.54,1.6,NA,NA
"PPNP",2024-07-02,"1","LEP",2.07,2.3,NA,NA
"PPNP",2024-07-02,"1","LEP",1.64,2,NA,NA
"PPNP",2024-07-02,"1","LEP",1.48,2.4,NA,NA
"PPNP",2024-07-02,"1","?",0.94,2,5,"photographed"
"PPNP",2024-07-02,"1","LEP",2.76,2.3,NA,NA
"PPNP",2024-07-02,"1","LEP",1.82,1.7,4,NA
"PPNP",2024-07-02,"1","LEP?",2.24,2.9,3,"""3 + 2 * .5""???"
"PPNP",2024-07-02,"1","LEP",1.22,1.8,NA,NA
"PPNP",2024-07-02,"1","LEP",5.09,2.8,NA,NA
"PPNP",2024-07-02,"1","LEP",0.15,0.8,NA,NA
"PPNP",2024-07-02,"2","LEP",1.61,2.1,NA,NA
"PPNP",2024-07-02,"2","LEP",1.28,1.7,NA,NA
"PPNP",2024-07-02,"2","LEP",0.94,1.5,NA,NA
"PPNP",2024-07-02,"2","LEP",2.16,2.1,NA,NA
"PPNP",2024-07-02,"2","LEP",4.01,2.7,NA,NA
"PPNP",2024-07-02,"2","LEP",0.33,1,NA,NA
"PPNP",2024-07-02,"2","LEP",2.54,2.4,NA,NA
"PPNP",2024-07-02,"2","LEP",2.08,1.9,NA,NA
"PPNP",2024-07-02,"2","LEP",2.9,2.7,NA,NA
"PPNP",2024-07-02,"2","LEP",1.28,1.6,NA,NA
"PPNP",2024-07-02,"2","LEP",0.7,1.4,NA,NA
"PPNP",2024-07-02,"2","LEP",0.71,1.6,NA,NA
"PPNP",2024-07-02,"2","LEP",5,2.5,NA,NA
"PPNP",2024-07-02,"2","LEP",0.72,1.5,NA,NA
"PPNP",2024-07-02,"2","LEP",2.25,2.1,5,NA
"PPNP",2024-07-02,"2","LEP",2.79,2.3,5,NA
"PPNP",2024-07-02,"2","LEP",2.85,2.3,NA,NA
"PPNP",2024-07-02,"2","LEP",0.74,1.3,NA,NA
"PPNP",2024-07-02,"2","LEP",1.65,1.6,NA,NA
"PPNP",2024-07-02,"2","LEP",4.56,2.7,NA,NA
"PPNP",2024-07-02,"2","LEP",0.36,0.9,NA,NA
"PPNP",2024-07-02,"2","LEP",3.4,2.5,NA,NA
"PPNP",2024-07-02,"2","HEN",1.54,1.5,NA,NA
"PPNP",2024-07-02,"2","HEN",1.78,1.8,NA,NA
"PPNP",2024-07-02,"2","LEP",1.49,1.7,NA,NA
"PPNP",2024-07-02,"2","LEP",1.6,2,NA,NA
"PPNP",2024-07-02,"2","LEP",0.58,1.3,NA,NA
"PPNP",2024-07-02,"2","LEP",0.65,1.3,NA,NA
"PPNP",2024-07-02,"2","HEN",1.96,2.1,NA,NA
"PPNP",2024-07-02,"2","LEP",2.37,2.4,NA,NA
"PPNP",2024-07-02,"2","LEP",3.23,2.4,NA,NA
"PPNP",2024-07-02,"2","LEP",0.14,0.8,4,NA
"PPNP",2024-07-02,"2","LEP",3.2,2.4,NA,NA
"PPNP",2024-07-02,"2","HEN",1.12,1.5,NA,NA
"PPNP",2024-07-02,"2","HEN",0.53,1.3,NA,NA
"PPNP",2024-07-02,"2","LEP",2.75,2.1,NA,NA
"PPNP",2024-07-02,"2","LEP",1.26,1.9,NA,NA
"PPNP",2024-07-02,"2","LEP",1.6,1.8,NA,NA
"PPNP",2024-07-02,"2","HEN",2.16,2.8,NA,NA
"PPNP",2024-07-02,"2","LEP",2.18,2.3,NA,NA
"PPNP",2024-07-02,"2","LEP",1.68,2,NA,NA
"PPNP",2024-07-02,"2","LEP",2.22,2.1,NA,NA
"PPNP",2024-07-02,"2","LEP",1.89,2.2,NA,NA
"PPNP",2024-07-02,"2","LEP",0.61,1.3,NA,NA
"PPNP",2024-07-02,"2","LEP",2,1.9,NA,NA
"PPNP",2024-07-02,"2","LEP",2.29,2,NA,NA
"PPNP",2024-07-02,"2","LEP",2.21,2.2,NA,NA
"PPNP",2024-07-02,"2","LEP",4.88,2.9,NA,NA
"PPNP",2024-07-02,"2","LEP",1.77,2,5,NA
"PPNP",2024-07-02,"2","LEP",1.92,2,NA,NA
"PPNP",2024-07-02,"2","LEP",1.34,1.9,NA,NA
"PPNP",2024-07-02,"2","LEP",1.04,2.1,NA,NA
"PPNP",2024-07-02,"2","LEP",0.29,1,NA,NA
"PPNP",2024-07-02,"2","LEP",1.38,2.1,NA,NA
"PPNP",2024-07-02,"2","LEP",1.93,2.2,NA,NA
"PPNP",2024-07-02,"2","LEP",0.26,0.9,NA,NA
"PPNP",2024-07-02,"2","LEP",1.16,1.7,NA,NA
"PPNP",2024-07-02,"2","LEP",7.09,3.6,NA,NA
"PPNP",2024-07-02,"2","LEP",1.5,2.1,NA,NA
"PPNP",2024-07-02,"2","LEP",0.16,0.6,NA,NA
"PPNP",2024-07-02,"2","LEP",3,2.3,NA,NA
"PPNP",2024-07-02,"2","LEP",5.2,3,NA,NA
"PPNP",2024-07-08,"3","LEP",0.95,1.8,NA,NA
"PPNP",2024-07-08,"3","LEP",0.61,1.5,5,NA
"PPNP",2024-07-08,"3","LEP",1.7,2.2,NA,NA
"PPNP",2024-07-08,"3","LEP",0.43,1.1,NA,NA
"PPNP",2024-07-08,"3","LEP",0.38,1.3,NA,NA
"PPNP",2024-07-08,"3","LEP",0.29,0.9,NA,NA
"PPNP",2024-07-08,"3","LEP",0.32,1.1,5,NA
"PPNP",2024-07-08,"3","LEP",0.9,1.6,NA,NA
"PPNP",2024-07-08,"3","LEP",0.46,1.2,NA,NA
"PPNP",2024-07-08,"3","LEP",1.32,1.8,NA,NA
"PPNP",2024-07-08,"3","LEP",0.3,0.8,NA,NA
"PPNP",2024-07-08,"3","LEP",0.06,0.4,NA,NA
"PPNP",2024-07-08,"3","LEP",0.77,1.4,NA,NA
"PPNP",2024-07-08,"3","LEP",0.14,0.7,NA,NA
"PPNP",2024-07-08,"3","LEP",0.4,1,NA,NA
"PPNP",2024-07-08,"3","LEP",0.18,0.8,NA,NA
"PPNP",2024-07-08,"3","LEP",2.41,2,NA,NA
"PPNP",2024-07-08,"3","LEP",0.62,1.82,NA,NA
"PPNP",2024-07-08,"3","LEP",0.01,0.1,NA,NA
"PPNP",2024-07-08,"x","PIS",811.4,24.2,NA,NA
"PPNP",2024-07-08,"x","LEP",9,4.2,NA,NA
"PPNP",2024-07-08,"x","DERM",302.6,12.4,NA,NA
"PPNP",2024-07-08,"x","DERM",177.1,10.8,NA,NA
"PPNP",2024-07-08,"3","LEP",0.6,1.5,NA,NA
"PPNP",2024-07-08,"3","LEP",0.49,1.6,NA,NA
"PPNP",2024-07-08,"3","LEP",0.23,0.8,NA,NA
"PPNP",2024-07-08,"3","LEP",1.35,2.1,NA,NA
"PPNP",2024-07-08,"3","LEP",0.06,0.5,5,NA
"PPNP",2024-07-08,"3","LEP",0.43,1.2,NA,NA
"PPNP",2024-07-08,"3","LEP",0.86,1.3,NA,NA
"PPNP",2024-07-08,"3","LEP",0.36,1,NA,NA
"PPNP",2024-07-08,"3","LEP",0.17,0.8,NA,NA
"PPNP",2024-07-08,"3","LEP",0.67,1.4,5,NA
"PPNP",2024-07-08,"3","LEP",1.5,1.9,NA,NA
"PPNP",2024-07-08,"3","LEP",1.1,1.7,NA,NA
"PPNP",2024-07-08,"3","LEP",0.81,1.4,NA,NA
"PPNP",2024-07-08,"3","LEP",1.38,1.6,NA,NA
"PPNP",2024-07-08,"3","LEP",0.94,1.5,5,NA
"PPNP",2024-07-08,"3","LEP",0.92,0.9,5,"need to check the weight with kt"
"PPNP",2024-07-08,"3","LEP",0.15,0.7,NA,NA
"PPNP",2024-07-08,"3","LEP",0.65,1.2,NA,NA
"PPNP",2024-07-08,"3","LEP",2.45,2.4,NA,NA
"PPNP",2024-07-08,"3","LEP",1.58,1.9,NA,NA
"PPNP",2024-07-08,"3","LEP",0.57,1.4,NA,NA
"PPNP",2024-07-08,"3","HEN",2.09,2.1,NA,NA
"PPNP",2024-07-08,"3","HEN",1.68,1.9,NA,NA
"PPNP",2024-07-08,"3","HEN",0.25,0.9,NA,NA
"PPNP",2024-07-08,"3","HEN",1.35,1.9,NA,NA
"PPNP",2024-07-08,"3","LEP",0.15,0.7,5,NA
"PPNP",2024-07-08,"3","HEN",2.7,2.5,NA,NA
"PPNP",2024-07-08,"3","HEN",2.74,2.5,NA,NA
"PPNP",2024-07-08,"x","PIS",542.9,18,NA,NA
"PPNP",2024-07-08,"x","PIS`",355.4,14.9,NA,NA
"PPNP",2024-07-08,"x","PIS",855.7,21.3,NA,NA
"PPNP",2024-07-08,"x","PIS",467.9,18.2,NA,NA
"PPSP",2024-07-18,"1","LEP",7.56,3.1,NA,NA
"PPSP",2024-07-18,"1","LEP",2.91,2.3,NA,NA
"PPSP",2024-07-18,"1","LEP",3.99,2.7,NA,NA
"PPSP",2024-07-18,"1","LEP",2.69,2.1,NA,NA
"PPSP",2024-07-18,"1","LEP",5.52,3.1,NA,NA
"PPSP",2024-07-18,"1","LEP",1.3,1.9,NA,NA
"PPSP",2024-07-18,"1","LEP",2.89,2.5,NA,NA
"PPSP",2024-07-18,"1","LEP",1.67,2.1,NA,NA
"PPSP",2024-07-18,"1","LEP",1.54,2,4,NA
"PPSP",2024-07-18,"1","LEP",4.7,2.6,NA,NA
"PPSP",2024-07-18,"1","LEP",11.5,4.1,NA,NA
"PPSP",2024-07-18,"1","LEP",5.99,2.5,NA,NA
"PPSP",2024-07-18,"1","LEP",12.78,4,NA,NA
"PPSP",2024-07-18,"1","LEP",1.54,1.7,NA,NA
"PPSP",2024-07-18,"1","LEP",4.79,3.1,NA,NA
"PPSP",2024-07-18,"1","LEP",2.62,2.3,NA,NA
"PPSP",2024-07-18,"1","LEP",2.28,1.8,NA,NA
"PPSP",2024-07-18,"1","LEP",5.34,3,NA,NA
"PPSP",2024-07-18,"1","LEP",1.81,1.9,5,NA
"PPSP",2024-07-18,"1","LEP",1.16,1.6,NA,NA
"PPSP",2024-07-18,"1","LEP",1.56,1.8,NA,NA
"PPSP",2024-07-18,"1","LEP",7.76,3.6,NA,NA
"PPSP",2024-07-18,"1","LEP",2.52,2.2,NA,NA
"PPSP",2024-07-18,"1","LEP",6.01,3.3,NA,NA
"PPSP",2024-07-18,"1","LEP",1.77,2,NA,NA
"PPSP",2024-07-18,"1","LEP",1.71,1.9,NA,NA
"PPSP",2024-07-18,"1","LEP",2.15,2.4,4,NA
"PPSP",2024-07-18,"1","LEP",8.1,3.3,NA,NA
"PPSP",2024-07-18,"1","LEP",2.72,2.1,NA,NA
"PPSP",2024-07-18,"1","LEP",1.71,1.7,5,NA
"PPSP",2024-07-18,"1","LEP",4.73,2.8,NA,NA
"PPSP",2024-07-18,"1","LEP",6.99,3.5,NA,NA
"PPSP",2024-07-18,"1","LEP",3.31,2.6,NA,NA
"PPSP",2024-07-18,"1","LEP",4.91,3,NA,NA
"PPSP",2024-07-18,"1","LEP",2.03,2,NA,NA
"PPSP",2024-07-18,"1","LEP",1.6,2,NA,NA
"PPSP",2024-07-18,"1","LEP",1.36,1.9,NA,NA
"PPSP",2024-07-18,"1","LEP",2.13,2.2,NA,NA
"PPSP",2024-07-18,"1","LEP",4.14,2.8,NA,NA
"PPSP",2024-07-18,"1","LEP",1.22,1.6,NA,NA
"PPSP",2024-07-18,"1","LEP",1.6,1.8,NA,NA
"PPSP",2024-07-18,"1","LEP",4.38,2.6,NA,NA
"PPSP",2024-07-18,"1","LEP",1.52,2,NA,NA
"PPSP",2024-07-18,"1","LEP",2.47,2.5,NA,NA
"PPSP",2024-07-18,"1","LEP",0.28,0.9,NA,NA
"PPSP",2024-07-18,"1","LEP",1.66,1.8,NA,NA
"PPSP",2024-07-18,"1","LEP",1.58,1.7,NA,NA
"PPSP",2024-07-18,"1","LEP",0.47,1.1,4,NA
"PPSP",2024-07-18,"1","PIS",976.7,25.5,NA,NA
"PPSP",2024-07-18,"1","PIS",920.5,17.3,NA,NA
"PPSP",2024-07-18,"x","PIS",918.5,23.1,NA,NA
"PPSP",2024-07-18,"x","PIS",1297.9,22.8,NA,NA
"PPSP",2024-07-18,"x","PIS",802.5,16.9,NA,NA
"PPSP",2024-07-18,"x","PIS",1207.7,23.6,NA,NA
"PPSP",2024-07-18,"x","PIS",800.7,18.3,NA,NA
"PPSP",2024-07-18,"x","PIS",854.3,21.5,NA,NA
"PPSP",2024-07-18,"x","PIS",609.1,17.4,4,NA
"PPSP",2024-07-18,"x","PIS",1119.4,22.5,NA,NA
"PPSP",2024-07-18,"x","PIS",974.4,22,NA,NA
"PPSP",2024-07-18,"x","PIS",495.5,18.2,NA,NA
"PPSP",2024-07-18,"x","PIS",NA,20.3,NA,NA
"PPSP",2024-07-18,"x","PIS",598.1,15.5,NA,NA
"PPSP",2024-07-18,"x","PIS",535,17.8,4,NA
"PPSP",2024-07-18,"x","PIS",960.1,24,4,NA
"PPSP",2024-07-18,"x","PIS",NA,NA,NA,NA
"PPSP",2024-07-18,"x","PIS",NA,NA,NA,NA
"CP",2024-07-19,"4","LEP",5.43,3.2,NA,NA
"CP",2024-07-19,"4","LEP",0.36,1.2,NA,NA
"CP",2024-07-19,"4","LEP",0.18,1,NA,NA
"CP",2024-07-19,"4","LEP",0.24,0.9,NA,NA
"CP",2024-07-19,"4","LEP",1.4,1.7,NA,NA
"CP",2024-07-19,"4","LEP",0.37,1,NA,NA
"CP",2024-07-19,"4","LEP",0.14,0.9,NA,NA
"CP",2024-07-19,"4","LEP",0.4,1.3,3,NA
"CP",2024-07-19,"""4.5""","LEP",0.59,1.1,NA,"Belt ""4.5"" [attempted 5] not completed"
"CP",2024-07-19,"""4.5""","LEP",3.32,2.8,NA,NA
"CP",2024-07-19,"""4.5""","LEP",0.7,1.1,NA,NA
"CP",2024-07-19,"""4.5""","LEP",4.69,2.8,NA,NA
"CP",2024-07-19,"""4.5""","LEP",1.07,1.7,NA,NA
"PC",2024-07-21,"4","LEP",4.28,2.8,NA,"This datasheet in community survey notebook (large write-in-the-rain)"
"PC",2024-07-21,"4","LEP",2.44,2.1,NA,NA
"PC",2024-07-21,"4","LEP",0.99,1.5,NA,NA
"PC",2024-07-21,"4","LEP",5.25,3.4,NA,NA
"PC",2024-07-21,"4","LEP",3.06,2.4,NA,NA
"PC",2024-07-21,"4","PIS",311.7,14.2,NA,NA
"PC",2024-07-21,"4","PIS",452.4,16.9,NA,NA
"PC",2024-07-21,"4","LEP",3.01,2.4,NA,NA
"PC",2024-07-21,"4","LEP",1.43,2,NA,NA
"PC",2024-07-21,"4","LEP",3,2.3,NA,NA
"PC",2024-07-21,"4","LEP",0.92,1.6,NA,NA
"PC",2024-07-21,"4","LEP",2.75,2.4,NA,NA
"PC",2024-07-21,"4","LEP",2.89,2.5,5,NA
"PC",2024-07-21,"4","LEP",3.06,2.3,5,NA
"PC",2024-07-21,"4","LEP",5.99,2.8,NA,NA
